agency,Bureau,Number of Websites,Number of Websites With Page Title,Number of Websites With Page Description,Number of Websites with Government Banner,Percent of Websites With Page Title,Percent of Websites With Page Description,Percent of Websites with Government Banner
AMTRAK,Office of Inspector General,1,1,0,False,100.0,0.0,0.0
Adams Memorial Commission,Adams Memorial Commission,1,1,1,False,100.0,100.0,0.0
Administrative Conference of the United States,Administrative Conference of the United States,3,3,0,0,100.0,0.0,0.0
Administrative Office of the U.S. Courts,Administrative Office U.S. Courts,2,2,2,2,100.0,100.0,100.0
Administrative Office of the U.S. Courts,Federal Judicial Center,5,4,0,0,80.0,0.0,0.0
Administrative Office of the U.S. Courts,U.S. Courts,69,67,4,3,97.1,5.8,4.3478260869565215
Administrative Office of the U.S. Courts,US Court of Appeals for Veterans Claims,7,4,0,0,57.14,0.0,0.0
Administrative Office of the U.S. Courts,United States Sentencing Commission,1,1,0,False,100.0,0.0,0.0
Administrative Office of the U.S. Courts,United States Tax Court,1,1,1,False,100.0,100.0,0.0
American Battle Monuments Commission,American Battle Monuments Commission,3,3,2,1,100.0,66.67,33.33333333333333
Appalachian Regional Commission,Appalachian Regional Commission,3,3,1,0,100.0,33.33,0.0
Appraisal Subcommittee of the Federal Financial Institutions Examination Council,Appraisal Subcommittee,2,2,0,0,100.0,0.0,0.0
Architect of the Capitol,Architect of the Capitol,4,4,2,0,100.0,50.0,0.0
Barry Goldwater Scholarship and Excellence in Education Foundation,Barry Goldwater Scholarship and Excellence in Education Foundation,1,1,1,False,100.0,100.0,0.0
Central Intelligence Agency,Central Intelligence Agency,1,1,0,False,100.0,0.0,0.0
Civil Rights Cold Case Records Review Board,Civil Rights Cold Case Records Review Board,1,1,1,True,100.0,100.0,100.0
Commodity Futures Trading Commission,Commodity Futures Trading Commission,9,8,0,0,88.89,0.0,0.0
Congressional Budget Office,Congressional Budget Office,3,3,0,0,100.0,0.0,0.0
Consumer Financial Protection Bureau,Consumer Financial Protection Bureau,14,12,5,3,85.71,35.71,21.428571428571427
Consumer Product Safety Commission,Consumer Product Safety Commission,9,9,3,0,100.0,33.33,0.0
Corporation for National and Community Service,AmeriCorps,11,11,0,2,100.0,0.0,18.181818181818183
Corporation for National and Community Service,AmeriCorps Office of Inspector General,1,1,0,True,100.0,0.0,100.0
Corporation for National and Community Service,"Corporation for National and Community Service, Office Of Inspector General,",1,0,0,False,0.0,0.0,0.0
Council of the Inspectors General on Integrity and Efficiency,Council of the Inspectors General on Integrity and Efficiency,8,8,0,4,100.0,0.0,50.0
DC Court Services and Offender Supervision Agency,Court Services and Offender Supervision Agency,1,1,0,False,100.0,0.0,0.0
DC Court Services and Offender Supervision Agency,Office of information Technology,3,3,0,0,100.0,0.0,0.0
DC Court Services and Offender Supervision Agency,Pretrial Services Agency for the District of Columbia,1,1,0,False,100.0,0.0,0.0
Delta Regional Authority,Delta Regional Authority,1,1,0,False,100.0,0.0,0.0
Denali Commission,Denali Commission,3,3,1,0,100.0,33.33,0.0
Department of Commerce,Bureau of Economic Analysis,5,4,0,1,80.0,0.0,20.0
Department of Commerce,Bureau of Industry and Security,4,3,3,0,75.0,75.0,0.0
Department of Commerce,Census Bureau,51,46,9,13,90.2,17.65,25.49019607843137
Department of Commerce,Department of Commerce,23,23,7,4,100.0,30.43,17.391304347826086
Department of Commerce,Economic Development Administration,3,3,1,2,100.0,33.33,66.66666666666666
Department of Commerce,International Trade Administration,15,14,4,3,93.33,26.67,20.0
Department of Commerce,Minority Business Development Agency,2,2,2,1,100.0,100.0,50.0
Department of Commerce,NASA GSFC,1,1,1,False,100.0,100.0,0.0
Department of Commerce,NOAA Climate Program Office,1,1,1,False,100.0,100.0,0.0
Department of Commerce,NOAA Coastal Services Center,1,1,1,False,100.0,100.0,0.0
Department of Commerce,NOAA/NCDC,1,1,1,True,100.0,100.0,100.0
Department of Commerce,NOAA/National Hurricane Center,1,1,0,False,100.0,0.0,0.0
Department of Commerce,NOAA/Space Weather Prediction Center,1,1,0,False,100.0,0.0,0.0
Department of Commerce,NWS/OPS33,4,4,3,0,100.0,75.0,0.0
Department of Commerce,National Executive Committee for Space-Based PNT,1,1,1,False,100.0,100.0,0.0
Department of Commerce,National Institute of Standards and Technology,119,109,33,17,91.6,27.73,14.285714285714285
Department of Commerce,National Oceanic and Atmospheric Administration,402,386,101,43,96.02,25.12,10.696517412935323
Department of Commerce,National Oceanic and Atmospheric Administration Office of the Federal Coordinator for Meteorology,1,1,0,False,100.0,0.0,0.0
Department of Commerce,National Science and Technology Council,1,1,0,True,100.0,0.0,100.0
Department of Commerce,National Technical Information Service,5,5,1,1,100.0,20.0,20.0
Department of Commerce,National Telecommunications and Information Administration,11,10,1,6,90.91,9.09,54.54545454545454
Department of Commerce,National Weather Service,1,1,1,False,100.0,100.0,0.0
Department of Commerce,OS OCIO,1,1,0,False,100.0,0.0,0.0
Department of Commerce,Office of the Chief Information Officer,21,21,1,5,100.0,4.76,23.809523809523807
Department of Commerce,Space Environment Center W/NP9,1,1,0,False,100.0,0.0,0.0
Department of Commerce,TCD / BIS / Dept of Commerce,1,1,0,False,100.0,0.0,0.0
Department of Commerce,U. S. National Ice Center,1,1,1,False,100.0,100.0,0.0
Department of Commerce,USPTO,57,52,4,1,91.23,7.02,1.7543859649122806
Department of Defense,Advanced Distributed Learning Initiative,2,2,2,1,100.0,100.0,50.0
Department of Defense,Air Force,20,18,4,1,90.0,20.0,5.0
Department of Defense,Army,150,147,43,5,98.0,28.67,3.3333333333333335
Department of Defense,CNSS Secretariat,1,1,1,False,100.0,100.0,0.0
Department of Defense,Civil Air Patrol HQ,91,90,13,0,98.9,14.29,0.0
Department of Defense,Coast Guard,14,14,0,0,100.0,0.0,0.0
Department of Defense,Defense Cyber Crime Center,1,1,0,False,100.0,0.0,0.0
Department of Defense,Defense Media Activity,31,31,0,1,100.0,0.0,3.225806451612903
Department of Defense,Department of Defense,1,1,0,False,100.0,0.0,0.0
Department of Defense,FEHRM,1,1,0,True,100.0,0.0,100.0
Department of Defense,Federal Voting Assistance Program,1,1,0,False,100.0,0.0,0.0
Department of Defense,Irregular Warfare Technical Support Directorate,4,4,0,2,100.0,0.0,50.0
Department of Defense,MCTFT,1,1,0,False,100.0,0.0,0.0
Department of Defense,National Guard,21,21,0,0,100.0,0.0,0.0
Department of Defense,National Security Agency,8,7,1,2,87.5,12.5,25.0
Department of Defense,Navy,65,57,2,2,87.69,3.08,3.076923076923077
Department of Defense,Office of Local Defense Community Cooperation,1,1,0,True,100.0,0.0,100.0
Department of Defense,Office of Warrior Care Policy,1,1,1,False,100.0,100.0,0.0
Department of Defense,TAK Product Center,1,1,1,False,100.0,100.0,0.0
Department of Education,Department of Education,3,3,1,0,100.0,33.33,0.0
Department of Education,Office of Chief Information Officer,128,124,34,21,96.88,26.56,16.40625
Department of Energy,Ames Laboratory,4,4,1,0,100.0,25.0,0.0
Department of Energy,Argonne National Laboratory,166,149,29,1,89.76,17.47,0.6024096385542169
Department of Energy,Battelle Pacific Northwest National Laboratory,13,10,2,2,76.92,15.38,15.384615384615385
Department of Energy,Bonneville Power Administration,12,11,0,0,91.67,0.0,0.0
Department of Energy,Brookhaven National Laboratory,68,64,4,0,94.12,5.88,0.0
Department of Energy,Department of Energy,1,1,0,False,100.0,0.0,0.0
Department of Energy,Department of Energy Bulding Energy Codes Program,1,1,0,True,100.0,0.0,100.0
Department of Energy,Energy Information Administration,2,2,1,0,100.0,50.0,0.0
Department of Energy,Fermi National Accelerator Laboratory,150,103,6,0,68.67,4.0,0.0
Department of Energy,Hanford Mission Integration Solutions,12,10,2,0,83.33,16.67,0.0
Department of Energy,Idaho National Laboratory,40,39,9,0,97.5,22.5,0.0
Department of Energy,Lawrence Berkeley National Laboratory,331,311,65,0,93.96,19.64,0.0
Department of Energy,Lawrence Livermore National Laboratory,183,167,20,0,91.26,10.93,0.0
Department of Energy,Los Alamos National Laboratory,84,77,27,0,91.67,32.14,0.0
Department of Energy,National Energy Research Scientific Computing Center,8,8,3,0,100.0,37.5,0.0
Department of Energy,"National Nuclear Security Administration, National Security Technologies, LLC",4,4,0,0,100.0,0.0,0.0
Department of Energy,National Renewable Energy Laboratory,59,55,14,1,93.22,23.73,1.694915254237288
Department of Energy,ORAU,7,7,2,1,100.0,28.57,14.285714285714285
Department of Energy,OSTI,8,8,6,2,100.0,75.0,25.0
Department of Energy,Oak Ridge National Laboratory,205,197,39,1,96.1,19.02,0.4878048780487805
Department of Energy,Office of Energy Efficiency and Renewable Energy,2,2,0,1,100.0,0.0,50.0
Department of Energy,Pacific Northwest National Laboratory,123,114,27,3,92.68,21.95,2.4390243902439024
Department of Energy,Portsmouth/Paducah Project Office,2,2,0,0,100.0,0.0,0.0
Department of Energy,Princeton Plasma Physics Lab,39,34,5,0,87.18,12.82,0.0
Department of Energy,Sandia National Laboratories,70,70,54,0,100.0,77.14,0.0
Department of Energy,Savannah River National Lab,1,1,1,False,100.0,100.0,0.0
Department of Energy,Savannah River Nuclear Solutions (SRNS),7,7,0,0,100.0,0.0,0.0
Department of Energy,The National Isotope Development Center ,1,1,0,True,100.0,0.0,100.0
Department of Energy,"US Department of Energy, Office of the CIO",169,164,22,5,97.04,13.02,2.9585798816568047
Department of Energy,Western Area Power Administration,15,15,0,0,100.0,0.0,0.0
Department of Health and Human Services,Administration for Children and Families,27,27,6,9,100.0,22.22,33.33333333333333
Department of Health and Human Services,Administration for Community Living,33,29,15,14,87.88,45.45,42.42424242424242
Department of Health and Human Services,Administration for Strategic Preparedness and Response,1,1,1,False,100.0,100.0,0.0
Department of Health and Human Services,Advanced Research Projects Agency for Health (ARPA-H),1,1,1,True,100.0,100.0,100.0
Department of Health and Human Services,Agency for Healthcare Research and Quality,43,41,10,1,95.35,23.26,2.3255813953488373
Department of Health and Human Services,"Assistant Secretary for Financial Resources, Office of the Secretary",9,8,2,6,88.89,22.22,66.66666666666666
Department of Health and Human Services,"Assistant Secretary for Preparedness and Response, Office of the Secretary",1,1,1,False,100.0,100.0,0.0
Department of Health and Human Services,Centers for Disease Control and Prevention,130,120,53,14,92.31,40.77,10.76923076923077
Department of Health and Human Services,Centers for Medicare and Medicaid Services,181,137,44,21,75.69,24.31,11.602209944751381
Department of Health and Human Services,Department of Health and Human Services,1,1,0,False,100.0,0.0,0.0
Department of Health and Human Services,"Enterprise Information Technology, NIH",22,19,5,0,86.36,22.73,0.0
Department of Health and Human Services,Health Resources and Services Administration,43,43,20,1,100.0,46.51,2.3255813953488373
Department of Health and Human Services,Indian Health Service / Office of IT,12,12,2,0,100.0,16.67,0.0
Department of Health and Human Services,"National Cancer Institute, NIH",174,167,67,0,95.98,38.51,0.0
Department of Health and Human Services,National Center for Advancing Translational Sciences,1,1,1,False,100.0,100.0,0.0
Department of Health and Human Services,National Institute of Neurological Disorders and Stroke,1,1,1,False,100.0,100.0,0.0
Department of Health and Human Services,"National Institute on Alcohol Abuse and Alcoholism, NIH",1,1,1,True,100.0,100.0,100.0
Department of Health and Human Services,"National Institute on Drug Abuse, NIH",3,3,2,1,100.0,66.67,33.33333333333333
Department of Health and Human Services,National Institutes of Health,822,784,151,180,95.38,18.37,21.897810218978105
Department of Health and Human Services,"National Institutes on Aging, NIH",1,1,0,True,100.0,0.0,100.0
Department of Health and Human Services,"National Library of Medicine, NIH",23,22,12,9,95.65,52.17,39.130434782608695
Department of Health and Human Services,"Office of Disease Prevention and Health Promotion, Office of the Secretary",2,2,1,1,100.0,50.0,50.0
Department of Health and Human Services,"Office of Grants, Division of Workforce Development",1,1,0,False,100.0,0.0,0.0
Department of Health and Human Services,"Office of Public Health and Science, Office on Women's Health",6,5,3,3,83.33,50.0,50.0
Department of Health and Human Services,"Office of the Assistant Secretary for Health, Office of the Secretary",9,9,7,0,100.0,77.78,0.0
Department of Health and Human Services,"Office of the National Coordinator, Office of the Secretary",25,25,4,1,100.0,16.0,4.0
Department of Health and Human Services,Office of the Secretary,176,172,58,38,97.73,32.95,21.59090909090909
Department of Health and Human Services,"Program Support Center, Office of the Secretary",13,10,2,0,76.92,15.38,0.0
Department of Health and Human Services,Substance Abuse and Mental Health Services Administration,18,18,5,3,100.0,27.78,16.666666666666664
Department of Health and Human Services,The Administration for Children and Families (ACF),1,1,1,False,100.0,100.0,0.0
Department of Health and Human Services,U. S. Food and Drug Administration,50,38,9,4,76.0,18.0,8.0
Department of Homeland Security,Cybersecurity and Infrastructure Security Agency,7,7,4,6,100.0,57.14,85.71428571428571
Department of Homeland Security,"Department of Homeland Security, Office of the Chief Information Officer",5,5,0,1,100.0,0.0,20.0
Department of Homeland Security,Federal Emergency Management Agency,36,33,7,5,91.67,19.44,13.88888888888889
Department of Homeland Security,Federal Law Enforcement Training Center,6,6,2,2,100.0,33.33,33.33333333333333
Department of Homeland Security,Headquarters,92,86,19,17,93.48,20.65,18.478260869565215
Department of Homeland Security,Office for Domestic Preparedness,1,1,1,True,100.0,100.0,100.0
Department of Homeland Security,Office of Public Affairs,1,1,0,True,100.0,0.0,100.0
Department of Homeland Security,Science and Technology,2,2,0,1,100.0,0.0,50.0
Department of Homeland Security,Transportation Security Administration,2,2,0,0,100.0,0.0,0.0
Department of Homeland Security,U. S. Coast Guard C5I Service Center,8,8,7,0,100.0,87.5,0.0
Department of Homeland Security,U.S. Customs and Border Protection,21,21,1,0,100.0,4.76,0.0
Department of Homeland Security,U.S. Immigration and Customs Enforcement,8,7,2,3,87.5,25.0,37.5
Department of Homeland Security,US-CERT,2,2,1,1,100.0,50.0,50.0
Department of Homeland Security,USCIS,11,11,6,5,100.0,54.55,45.45454545454545
Department of Homeland Security,United States Secret Service,2,2,0,1,100.0,0.0,50.0
Department of Housing and Urban Development,Department of Housing and Urban Development,1,1,0,False,100.0,0.0,0.0
Department of Housing and Urban Development,Government National Mortgage Association,7,7,0,0,100.0,0.0,0.0
Department of Housing and Urban Development,Office of Inspector General,3,3,1,0,100.0,33.33,0.0
Department of Housing and Urban Development,"U.S. Department of Housing and Urban Development, Office of Policy Development and Research",6,6,1,2,100.0,16.67,33.33333333333333
Department of Housing and Urban Development,Web Master  Pulic Affair,26,23,1,0,88.46,3.85,0.0
Department of Justice,Asset Forfeiture Management Staff,3,3,1,0,100.0,33.33,0.0
Department of Justice,"Bureau of Alcohol, Tobacco, Firearms and Explosives",11,11,2,1,100.0,18.18,9.090909090909092
Department of Justice,Civil Rights Division,5,5,3,4,100.0,60.0,80.0
Department of Justice,Department of Justice,42,42,6,8,100.0,14.29,19.047619047619047
Department of Justice,"Department of Justice, National Institute of Corrections",6,6,0,5,100.0,0.0,83.33333333333334
Department of Justice,"Department of Justice, Office of e-Government",4,4,0,2,100.0,0.0,50.0
Department of Justice,Drug Enforcement Administration,6,6,0,6,100.0,0.0,100.0
Department of Justice,Federal Bureau of Investigation,23,20,1,1,86.96,4.35,4.3478260869565215
Department of Justice,Federal Bureau of Prisons,4,4,1,0,100.0,25.0,0.0
Department of Justice,Institute for Intergovernmental Research,1,1,1,True,100.0,100.0,100.0
Department of Justice,Internet Crime Complaint Center,7,7,0,7,100.0,0.0,100.0
Department of Justice,Office of Justice Programs,155,155,16,22,100.0,10.32,14.193548387096774
Department of Justice,Office of Justice Programs ,1,1,0,True,100.0,0.0,100.0
Department of Justice,Office of the Chief Information Officer,29,29,7,3,100.0,24.14,10.344827586206897
Department of Justice,RCFL,2,2,1,0,100.0,50.0,0.0
Department of Justice,Terrorist Screening Center,1,1,0,False,100.0,0.0,0.0
Department of Justice,U.S Immigration and Customs Enforcement,1,1,1,False,100.0,100.0,0.0
Department of Justice,"U.S. Department of Justice, BI, Domestic Security Alliance Council (DSAC)",2,1,1,0,50.0,50.0,0.0
Department of Justice,"U.S. Department of Justice, National Security Division",2,2,0,1,100.0,0.0,50.0
Department of Justice,U.S. Marshals Service,3,2,1,2,66.67,33.33,66.66666666666666
Department of Justice,Unicor,1,1,0,True,100.0,0.0,100.0
Department of Labor,Bureau of Labor Statistics,26,24,2,0,92.31,7.69,0.0
Department of Labor,Employment and Training Administration (ETA) - Office of Job Corps,25,24,21,0,96.0,84.0,0.0
Department of Labor,Office of the Assistant Secretary for Administration & Management,1,1,1,False,100.0,100.0,0.0
Department of Labor,Office of the Chief Information Officer,63,57,9,16,90.48,14.29,25.396825396825395
Department of State,Bureau of East Asian and Pacific Affairs (EAP),2,2,0,0,100.0,0.0,0.0
Department of State,Bureau of Global Public Affairs (GPA),301,286,221,165,95.02,73.42,54.81727574750831
Department of State,Bureau of Information Resources Management (IRM),3,3,1,0,100.0,33.33,0.0
Department of State,Bureau of Western Hemisphere Affairs (WHA),3,3,0,1,100.0,0.0,33.33333333333333
Department of State,Office of the Director of U.S. Foreign Assistance,4,1,0,0,25.0,0.0,0.0
Department of State,Office of the Inspector General,1,1,0,True,100.0,0.0,100.0
Department of Transportation,Bureau of Transportation Statistics,9,9,2,3,100.0,22.22,33.33333333333333
Department of Transportation,DOT/FAA/MMAC.AMi400,1,1,0,False,100.0,0.0,0.0
Department of Transportation,Department of Transportation,148,138,26,19,93.24,17.57,12.837837837837837
Department of Transportation,FAA MMAC,2,2,0,0,100.0,0.0,0.0
Department of Transportation,Federal Aviation Administration,70,63,9,6,90.0,12.86,8.571428571428571
Department of Transportation,National Highway Traffic Safety Administration,9,9,4,0,100.0,44.44,0.0
Department of Transportation,U.S. Department of Transportation,2,2,0,2,100.0,0.0,100.0
Department of Veterans Affairs,Department of Veterans Affairs - PREVENTS,1,1,1,False,100.0,100.0,0.0
Department of Veterans Affairs,"Office of Information and Technology, IT Operations and Services (ITOPS)",155,142,95,18,91.61,61.29,11.612903225806452
Department of Veterans Affairs,VA Office of Inspector General,1,1,0,False,100.0,0.0,0.0
Department of Veterans Affairs,Veterans Experience Office,1,1,1,False,100.0,100.0,0.0
Department of the Interior,Aviation Management Directorate,1,1,0,False,100.0,0.0,0.0
Department of the Interior,Bureau of Indian Affairs,6,6,1,1,100.0,16.67,16.666666666666664
Department of the Interior,Bureau of Land Management - Main Domain,28,18,2,5,64.29,7.14,17.857142857142858
Department of the Interior,Bureau of Land Management - Utah Fire Info Domain,1,1,1,False,100.0,100.0,0.0
Department of the Interior,Bureau of Reclamation,3,3,1,1,100.0,33.33,33.33333333333333
Department of the Interior,Department of the Interior,4,3,2,0,75.0,50.0,0.0
Department of the Interior,Joint Fire Science Program,1,1,0,False,100.0,0.0,0.0
Department of the Interior,Minerals Management Service,12,9,3,3,75.0,25.0,25.0
Department of the Interior,National Interagency Fire Center,7,7,2,1,100.0,28.57,14.285714285714285
Department of the Interior,National Park Service,26,23,9,3,88.46,34.62,11.538461538461538
Department of the Interior,National Wildfire Coordinating Group,2,2,0,1,100.0,0.0,50.0
Department of the Interior,Office of Surface Mining Reclamation & Enforcement,8,8,0,4,100.0,0.0,50.0
Department of the Interior,Office of the Chief Information Officer,28,27,5,4,96.43,17.86,14.285714285714285
Department of the Interior,Piedras Blancas Light Station,1,0,0,False,0.0,0.0,0.0
Department of the Interior,U.S. DEPARTMENT OF INTERIOR / OIG,4,1,0,1,25.0,0.0,25.0
Department of the Interior,U.S. Fish and Wildlife Service,21,21,7,0,100.0,33.33,0.0
Department of the Interior,U.S. Geological Survey,161,148,49,35,91.93,30.43,21.73913043478261
Department of the Interior,US Geological Survey,1,1,1,False,100.0,100.0,0.0
Department of the Interior,USGS Bird Banding Laboratory,1,1,0,False,100.0,0.0,0.0
Department of the Interior,USGS-NWRC,1,1,0,False,100.0,0.0,0.0
Department of the Interior,USGS/Denver Federal Center,3,3,0,0,100.0,0.0,0.0
Department of the Interior,Yosemite National Park,1,1,1,False,100.0,100.0,0.0
Department of the Treasury,Alcohol and Tobacco Tax and Trade Bureau,15,13,1,2,86.67,6.67,13.333333333333334
Department of the Treasury,Bureau of Engraving and Printing,1,1,0,True,100.0,0.0,100.0
Department of the Treasury,Bureau of the Fiscal Service,54,51,3,4,94.44,5.56,7.4074074074074066
Department of the Treasury,CDFI,3,3,1,1,100.0,33.33,33.33333333333333
Department of the Treasury,Citizens Coinage Advisory Committee (Mint),1,1,0,True,100.0,0.0,100.0
Department of the Treasury,Comptroller of the Currency,30,30,20,0,100.0,66.67,0.0
Department of the Treasury,Department of the Treasury - DO,23,23,3,8,100.0,13.04,34.78260869565217
Department of the Treasury,Department of the Treasury - FINCEN,4,3,1,3,75.0,25.0,75.0
Department of the Treasury,Department of the Treasury - IRS,11,11,5,2,100.0,45.45,18.181818181818183
Department of the Treasury,Department of the Treasury - OCIO,43,43,4,7,100.0,9.3,16.27906976744186
Department of the Treasury,Department of the Treasury - U.S. Mint,4,4,1,2,100.0,25.0,50.0
Department of the Treasury,Departmental Offices,1,1,1,False,100.0,100.0,0.0
Department of the Treasury,Office of Financial Research (OFR),1,1,1,False,100.0,100.0,0.0
Department of the Treasury,TCS (IRS),1,1,0,True,100.0,0.0,100.0
Department of the Treasury,Treasury Inspector General for Tax Administration,1,1,0,True,100.0,0.0,100.0
Director of National Intelligence,ODNI - IARPA,1,1,1,False,100.0,100.0,0.0
Director of National Intelligence,Office of Director of National Intelligence - CIO (ICES),36,1,0,0,2.78,0.0,0.0
Director of National Intelligence,Office of Director of National Intelligence - Public Affairs Office,2,2,2,0,100.0,100.0,0.0
Director of National Intelligence,Office of Directorate of National Intelligence,2,2,1,0,100.0,50.0,0.0
Director of National Intelligence,Office of the Director of National Intelligence,2,2,1,0,100.0,50.0,0.0
Director of National Intelligence,"Office of the Program Manager, Information Sharing Environment, Office of the DNI",1,1,0,False,100.0,0.0,0.0
Election Assistance Commission,Election Assistance Commission,4,4,0,2,100.0,0.0,50.0
Environmental Protection Agency,EPA OIG,1,1,0,True,100.0,0.0,100.0
Environmental Protection Agency,Environmental Protection Agency,204,193,28,36,94.61,13.73,17.647058823529413
Environmental Protection Agency,Office of Federal Sustainability,1,1,1,False,100.0,100.0,0.0
Equal Employment Opportunity Commission,Equal Employment Opportunity Commission,7,7,1,2,100.0,14.29,28.57142857142857
Executive Office of the President,Council on Environmental Quality,1,1,0,False,100.0,0.0,0.0
Executive Office of the President,Executive Office of the President,8,7,1,1,87.5,12.5,12.5
Executive Office of the President,National Nanotechnology Coordination Office,1,1,0,False,100.0,0.0,0.0
Executive Office of the President,National Quantum Coordination Office (NQCO),1,1,1,False,100.0,100.0,0.0
Executive Office of the President,Office of Administration,1,1,0,False,100.0,0.0,0.0
Executive Office of the President,Office of Management and Budget,8,8,0,1,100.0,0.0,12.5
Executive Office of the President,United States Digital Service,2,2,2,2,100.0,100.0,100.0
Executive Office of the President,United States Trade Representative,1,1,0,False,100.0,0.0,0.0
Executive Office of the President,White House,1,1,0,False,100.0,0.0,0.0
Executive Office of the President,White House Office,1,1,0,False,100.0,0.0,0.0
Export-Import Bank of the United States,Export-Import Bank of the United States,16,16,1,1,100.0,6.25,6.25
Farm Credit Administration,Farm Credit System Insurance Corporation,1,1,1,False,100.0,100.0,0.0
Farm Credit Administration,Office of Information Technology,4,3,3,2,75.0,75.0,50.0
Federal Communications Commission,Federal Communications Commission,27,23,5,3,85.19,18.52,11.11111111111111
Federal Deposit Insurance Corporation,Federal Deposit Insurance Corporation,60,45,0,1,75.0,0.0,1.6666666666666667
Federal Election Commission,Federal Election Commission,8,8,4,0,100.0,50.0,0.0
Federal Energy Regulatory Commission,Federal Energy Regulatory Commission,16,15,0,0,93.75,0.0,0.0
Federal Housing Finance Agency,Federal Housing Finance Agency,14,14,4,1,100.0,28.57,7.142857142857142
Federal Housing Finance Agency,Federal Housing Finance Agency Office of Inspector General ,1,1,0,False,100.0,0.0,0.0
Federal Labor Relations Authority,Federal Labor Relations Authority,2,2,1,1,100.0,50.0,50.0
Federal Maritime Commission,Federal Maritime Commission,2,2,0,1,100.0,0.0,50.0
Federal Mediation and Conciliation Service,Federal Mediation and Conciliation Service,1,1,1,True,100.0,100.0,100.0
Federal Mediation and Conciliation Service,Office of Conflict Management and Prevention,1,1,0,True,100.0,0.0,100.0
Federal Mine Safety and Health Review Commission,Federal Mine Safety & Health Review Commission,1,1,0,False,100.0,0.0,0.0
Federal Permitting Improvement Steering Council,Federal Permitting Improvement Steering Council,1,1,1,True,100.0,100.0,100.0
Federal Reserve Board of Governors,Board of Governors of the Federal Reserve,1,1,1,False,100.0,100.0,0.0
Federal Reserve Board of Governors,Federal Financial Institutions Examination Council ,4,4,3,0,100.0,75.0,0.0
Federal Reserve Board of Governors,Federal Reserve Bank,6,6,1,0,100.0,16.67,0.0
Federal Reserve Board of Governors,Federal Reserve Board of Governors,15,14,1,0,93.33,6.67,0.0
Federal Retirement Thrift Investment Board,Office of Technology Services,9,8,2,5,88.89,22.22,55.55555555555556
Federal Trade Commission,Division of Consumer & Business Education (DCBE),3,3,3,2,100.0,100.0,66.66666666666666
Federal Trade Commission,Division of Consumer Response & Operations (DCRO),8,7,3,0,87.5,37.5,0.0
Federal Trade Commission,Office of Internal Affairs (OIA),1,1,0,False,100.0,0.0,0.0
Federal Trade Commission,Office of Public Affairs (OPA),12,12,3,6,100.0,25.0,50.0
General Services Administration,Civilian Board of Contract Appeals,1,1,0,False,100.0,0.0,0.0
General Services Administration,GSA Office of Inspector General,2,2,1,0,100.0,50.0,0.0
General Services Administration,"GSA, CIO.GOV",8,8,2,6,100.0,25.0,75.0
General Services Administration,"GSA, FAS, Acquisition",1,1,1,True,100.0,100.0,100.0
General Services Administration,"GSA, FAS, Advantage",1,1,1,True,100.0,100.0,100.0
General Services Administration,"GSA, FAS, ClearPath",1,1,0,True,100.0,0.0,100.0
General Services Administration,"GSA, FAS, FPDS",1,1,0,False,100.0,0.0,0.0
General Services Administration,"GSA, FAS, Office of Enterprise Strategy Management",1,1,0,True,100.0,0.0,100.0
General Services Administration,"GSA, FAS, SASy",1,1,0,True,100.0,0.0,100.0
General Services Administration,"GSA, FAS, System for Award Management",5,5,1,2,100.0,20.0,40.0
General Services Administration,"GSA, IC, Acquisition",2,2,0,0,100.0,0.0,0.0
General Services Administration,"GSA, IC, FAI",2,2,0,2,100.0,0.0,100.0
General Services Administration,"GSA, IC, OGP Web Portfolio",4,4,3,4,100.0,75.0,100.0
General Services Administration,"GSA, IC, OGP WebPortfolio",1,1,0,False,100.0,0.0,0.0
General Services Administration,"GSA, IC, ROCIS",9,9,0,0,100.0,0.0,0.0
General Services Administration,"GSA, IDI, EAS-SF",3,3,0,3,100.0,0.0,100.0
General Services Administration,"GSA, IDI, ECAS II",108,105,36,50,97.22,33.33,46.2962962962963
General Services Administration,"GSA, IDI, Enterprise Application Services",1,1,0,True,100.0,0.0,100.0
General Services Administration,"GSA, IDI,EAS",1,1,0,True,100.0,0.0,100.0
General Services Administration,"GSA, IQ, eRulemaking",3,3,0,0,100.0,0.0,0.0
General Services Administration,"GSA, IQ-FPDS-FPDS Portal",2,2,2,0,100.0,100.0,0.0
General Services Administration,"GSA, IQ-FSD-FSD Portal",2,2,0,2,100.0,0.0,100.0
General Services Administration,"GSA, IQ-SASy-GSAAuctions",1,1,0,True,100.0,0.0,100.0
General Services Administration,"GSA, Office of Government-wide Policy",1,1,0,True,100.0,0.0,100.0
General Services Administration,"GSA, Q-FPKI",1,1,0,False,100.0,0.0,0.0
General Services Administration,"GSA, TTS, Federalist",1,1,1,True,100.0,100.0,100.0
General Services Administration,"GSA,FAS,Technology Transformation Service",87,87,48,55,100.0,55.17,63.2183908045977
General Services Administration,General Services Administration,5,5,4,5,100.0,80.0,100.0
General Services Administration,General Services Administration ,2,2,1,2,100.0,50.0,100.0
General Services Administration,OGP/OSSPI/Executive Councils,1,1,0,True,100.0,0.0,100.0
General Services Administration,Office of Government-wide Policy,1,1,1,True,100.0,100.0,100.0
General Services Administration,TTS Public Benefits Studio,1,1,1,True,100.0,100.0,100.0
Government Accountability Office,FASAB,1,1,1,False,100.0,100.0,0.0
Government Accountability Office,Government Accountability Office,11,11,3,1,100.0,27.27,9.090909090909092
Government Publishing Office,Government Publishing Office,17,17,2,1,100.0,11.76,5.88235294117647
Government Publishing Office,Office of Federal Register (NF),1,1,0,False,100.0,0.0,0.0
Gulf Coast Ecosystem Restoration Council,National Oceanic and Atmospheric Administration (NOAA),1,1,0,False,100.0,0.0,0.0
Harry S. Truman Scholarship Foundation,Harry S. Truman Scholarship Foundation,1,1,1,False,100.0,100.0,0.0
Institute of Museum and Library Services,Institute of Museum and Library Services,7,7,3,2,100.0,42.86,28.57142857142857
Inter-American Foundation,Inter-American Foundation,1,1,0,True,100.0,0.0,100.0
James Madison Memorial Fellowship Foundation,James Madison Memorial Fellowship Foundation,1,1,0,False,100.0,0.0,0.0
Japan-U.S. Friendship Commission,Japan-US Friendship Commission,2,2,0,0,100.0,0.0,0.0
Legal Services Corporation,Legal Services Corporation,3,3,2,0,100.0,66.67,0.0
Library of Congress,Copyright Royalty Board,1,1,1,False,100.0,100.0,0.0
Library of Congress,Library of Congress,34,34,22,1,100.0,64.71,2.941176470588235
Marine Mammal Commission,Marine Mammal Commission,1,1,1,False,100.0,100.0,0.0
Medicaid and CHIP Payment and Access Commission,Medicaid and CHIP Payment and Access Commission,1,1,0,False,100.0,0.0,0.0
Medicare Payment Advisory Commission,Medicare Payment Advisory Commission,1,1,0,False,100.0,0.0,0.0
Merit Systems Protection Board,US Merit Systems Protection Board,2,2,1,1,100.0,50.0,50.0
Millennium Challenge Corporation,Millennium Challenge Corporation,7,6,1,1,85.71,14.29,14.285714285714285
Morris K. Udall and Stewart L. Udall Foundation,Morris K. Udall and Stewart L. Udall Foundation,8,7,2,0,87.5,25.0,0.0
National Aeronautics and Space Administration,NASA Earth Science Division,1,1,1,True,100.0,100.0,100.0
National Aeronautics and Space Administration,NASA Langley Research Center,1,1,0,False,100.0,0.0,0.0
National Aeronautics and Space Administration,NASA Office of the Chief Information Officer,1029,986,417,10,95.82,40.52,0.9718172983479106
National Aeronautics and Space Administration,NASA Science Data Systems Branch,12,12,1,0,100.0,8.33,0.0
National Archives and Records Administration,Gerald R. Ford Library and Museum,1,1,0,False,100.0,0.0,0.0
National Archives and Records Administration,Jimmy Carter Library & Museum,1,1,0,False,100.0,0.0,0.0
National Archives and Records Administration,National Archives and Records Administration,87,86,18,2,98.85,20.69,2.2988505747126435
National Archives and Records Administration,Policy and Planning,1,1,0,False,100.0,0.0,0.0
National Capital Planning Commission,National Capital Planning Commission,8,8,2,0,100.0,25.0,0.0
National Credit Union Administration,National Credit Union Administration,25,25,11,0,100.0,44.0,0.0
National Endowment for the Arts,Office of Information and Technology Management,5,4,2,0,80.0,40.0,0.0
National Endowment for the Humanities,Office of Information Resources Management,6,6,1,0,100.0,16.67,0.0
National Gallery of Art,National Gallery of Art,11,10,3,0,90.91,27.27,0.0
National Indian Gaming Commission,National Indian Gaming Commision,2,2,1,0,100.0,50.0,0.0
National Labor Relations Board,National Labor Relations Board,2,2,0,1,100.0,0.0,50.0
National Mediation Board,National Mediation Board,5,5,1,0,100.0,20.0,0.0
National Science Foundation,National Science Foundation,22,21,5,4,95.45,22.73,18.181818181818183
National Science Foundation,"National Science Foundation, Office of Polar Programs",6,6,2,0,100.0,33.33,0.0
National Science Foundation,Small Agency Council,1,1,0,False,100.0,0.0,0.0
National Science Foundation,U.S. Arctic Research Commission,1,1,0,True,100.0,0.0,100.0
National Transportation Safety Board,National Transportation Safety Board,4,4,1,0,100.0,25.0,0.0
Networking Information Technology Research and Development,National Coordination Office for Networking and Information Technology Research and Development,1,1,1,True,100.0,100.0,100.0
Northern Border Regional Commission,Northern Border Regional Commission,1,1,0,False,100.0,0.0,0.0
Nuclear Regulatory Commission,Nuclear Regulatory Commission,11,11,4,0,100.0,36.36,0.0
Occupational Safety and Health Review Commission,Occupational Safety & Health Review Commission,1,1,0,False,100.0,0.0,0.0
Office of Congressional Workplace Rights,Congressional Office of Compliance,1,1,0,False,100.0,0.0,0.0
Office of Congressional Workplace Rights,Office of Congressional Workplace Rights,1,1,0,False,100.0,0.0,0.0
Office of Government Ethics,Office of Government Ethics,4,3,0,1,75.0,0.0,25.0
Office of Navajo and Hopi Indian Relocation,Office of Navajo and Hopi Indian Relocation,1,1,1,True,100.0,100.0,100.0
Office of Personnel Management,Chief Human Capital Officers,1,1,0,True,100.0,0.0,100.0
Office of Personnel Management,Federal Executive Board,3,3,0,0,100.0,0.0,0.0
Office of Personnel Management,OCIO,2,2,0,2,100.0,0.0,100.0
Office of Personnel Management,OPM Center for Leadership Development,5,5,1,4,100.0,20.0,80.0
Office of Personnel Management,OPM Human Resource Solutions,202,202,4,3,100.0,1.98,1.4851485148514851
Office of Personnel Management,Office Of Personnel Management,36,35,7,10,97.22,19.44,27.77777777777778
Office of Personnel Management,Presidential Management Fellows,1,1,1,False,100.0,100.0,0.0
Open World Leadership Center,The Open World Leadership Center,1,1,0,False,100.0,0.0,0.0
Peace Corps,Office of Inspector General,1,1,0,True,100.0,0.0,100.0
Peace Corps,Peace Corps,62,62,0,0,100.0,0.0,0.0
Pension Benefit Guaranty Corporation,Office of Information Technology,5,5,0,1,100.0,0.0,20.0
Postal Regulatory Commission,Postal Regulatory Commission,1,1,0,False,100.0,0.0,0.0
Presidio Trust,Presidio Trust,2,1,1,0,50.0,50.0,0.0
Privacy and Civil Liberties Oversight Board,Privacy & Civil Liberties Oversight Board,1,1,0,False,100.0,0.0,0.0
Public Buildings Reform Board,General Services Administration,1,1,0,True,100.0,0.0,100.0
Railroad Retirement Board,Bureau of Information Services,1,1,0,False,100.0,0.0,0.0
Securities and Exchange Commission,Network Operations Branch,11,11,1,2,100.0,9.09,18.181818181818183
Selective Service System,Selective Service System,7,7,0,1,100.0,0.0,14.285714285714285
Small Business Administration,SBA-Office of Innovation & Technology,2,2,0,1,100.0,0.0,50.0
Small Business Administration,Small Business Administration,30,30,9,5,100.0,30.0,16.666666666666664
Smithsonian Institution,Smithsonian Institution,2,1,1,0,50.0,50.0,0.0
Smithsonian Institution,Smithsonian Institution Office of the CIO (OCIO),1,1,1,False,100.0,100.0,0.0
Social Security Administration,SSA/OSOHE/Division of Network Engineering,10,10,5,4,100.0,50.0,40.0
Social Security Advisory Board,Social Security Advisory Board,1,1,0,False,100.0,0.0,0.0
Southeast Crescent Regional Commission,Southeast Crescent Regional Commission,1,1,0,False,100.0,0.0,0.0
Southwest Border Regional Commission,"GSA, FAS",1,1,1,False,100.0,100.0,0.0
State Justice Institute,State Justice Institute,1,1,0,False,100.0,0.0,0.0
Stennis Center for Public Service,John C. Stennis Center for Public Service,1,1,1,False,100.0,100.0,0.0
Surface Transportation Board,Surface Transportation Board,1,1,1,False,100.0,100.0,0.0
Tennessee Valley Authority,TVA IT,16,15,1,1,93.75,6.25,6.25
The Legislative Branch,Commission on Security and Cooperation in Europe,1,1,0,False,100.0,0.0,0.0
The Legislative Branch,House Democratic Caucus,1,1,0,False,100.0,0.0,0.0
The Legislative Branch,House Republican Conference,1,1,0,False,100.0,0.0,0.0
The Legislative Branch,Office of the Speaker,1,1,0,False,100.0,0.0,0.0
The Legislative Branch,US House of Representatives,450,444,81,0,98.67,18.0,0.0
The Supreme Court,Supreme Court of the United States,2,2,0,0,100.0,0.0,0.0
U.S. Agency for International Development,Bureau for Global Health,2,2,0,0,100.0,0.0,0.0
U.S. Agency for International Development,M/CIO,13,11,4,1,84.62,30.77,7.6923076923076925
U.S. Agency for International Development,U.S. Agency for International Development,1,1,0,False,100.0,0.0,0.0
U.S. Agency for International Development,USAID/GH.CECA,1,1,0,False,100.0,0.0,0.0
U.S. Chemical Safety Board,U.S. Chemical Safety and Hazard Investigation Board,1,1,1,False,100.0,100.0,0.0
U.S. Commission for the Preservation of Americas Heritage Abroad,USCPAHA,1,1,1,False,100.0,100.0,0.0
U.S. Commission of Fine Arts,U.S. Commission of Fine Arts,1,1,0,False,100.0,0.0,0.0
U.S. Commission on Civil Rights,ASCD-CIO,1,1,1,True,100.0,100.0,100.0
U.S. Commission on Civil Rights,Commission on the Social Status of Black Men and Black Boys,1,1,0,False,100.0,0.0,0.0
U.S. Commission on International Religious Freedom,U.S. Commission on International Religious Freedom,1,1,1,False,100.0,100.0,0.0
U.S. Department of Agriculture,Agricultural Research Service,1,1,0,False,100.0,0.0,0.0
U.S. Department of Agriculture,Agricultural Research Service ,3,3,0,0,100.0,0.0,0.0
U.S. Department of Agriculture,Aviation Management Directorate,1,1,1,False,100.0,100.0,0.0
U.S. Department of Agriculture,National Advanced Fire and Resource Institute,1,1,0,False,100.0,0.0,0.0
U.S. Department of Agriculture,National Agricultural Library,1,1,0,False,100.0,0.0,0.0
U.S. Department of Agriculture,National Finance Center,1,1,0,False,100.0,0.0,0.0
U.S. Department of Agriculture,National Wildfire Coordinating Group,18,15,6,7,83.33,33.33,38.88888888888889
U.S. Department of Agriculture,Office of Energy Policy and New Uses,1,1,0,False,100.0,0.0,0.0
U.S. Department of Agriculture,Recreation One Stop,3,3,3,0,100.0,100.0,0.0
U.S. Department of Agriculture,Rural Development,1,1,0,False,100.0,0.0,0.0
U.S. Department of Agriculture,U.S. Department of Agriculture,248,213,54,63,85.89,21.77,25.403225806451612
U.S. Department of Agriculture,US Forest Service,2,2,1,2,100.0,50.0,100.0
U.S. Department of Agriculture,USDA - Center for Nutrition Policy and Promotion,2,2,1,2,100.0,50.0,100.0
U.S. Department of Agriculture,USDA Forest Service - Southwestern Region,1,1,0,False,100.0,0.0,0.0
U.S. Department of Agriculture,"USDA, ARS, NAL",1,1,0,False,100.0,0.0,0.0
U.S. Department of Agriculture,"USDA, Office of Communications",2,2,1,2,100.0,50.0,100.0
U.S. Department of Agriculture,USDA/ARS/NAL,2,2,1,1,100.0,50.0,50.0
U.S. Interagency Council on Homelessness,United States Interagency Council on Homelessness,1,1,1,True,100.0,100.0,100.0
U.S. Nuclear Waste Technical Review Board,Nuclear Waste Technical Review Board,1,1,0,False,100.0,0.0,0.0
U.S. Office of Special Counsel,U.S. Office of Special Counsel,2,2,0,1,100.0,0.0,50.0
U.S. Semiquincentennial Commission,United States Semiquincentennial Commission,1,1,1,False,100.0,100.0,0.0
U.S. Trade and Development Agency,US Trade and Development Agency,1,1,0,False,100.0,0.0,0.0
U.S.-China Economic and Security Review Commission,U.S.-China Economic and Security Review Commission,1,1,0,False,100.0,0.0,0.0
United States AbilityOne Commission,Committee for Purchase From People Who Are Blind or Severely Disabled,3,3,0,3,100.0,0.0,100.0
United States Access Board,U.S Access Board,1,1,1,True,100.0,100.0,100.0
United States African Development Foundation,African Development Foundation,1,1,0,False,100.0,0.0,0.0
United States Agency for Global Media,Broadcasting Board of Governors,2,2,1,0,100.0,50.0,0.0
United States Agency for Global Media,IBB/VOA/BBG,4,4,0,0,100.0,0.0,0.0
United States Agency for Global Media,International Broadcasting Advisory Board,1,1,0,False,100.0,0.0,0.0
United States Agency for Global Media,VOA,3,3,3,0,100.0,100.0,0.0
United States Global Change Research Program,U.S. Global Change Research Program,12,11,4,2,91.67,33.33,16.666666666666664
United States International Development Finance Corporation,US International Development Finance Corporation,2,2,1,0,100.0,50.0,0.0
United States International Trade Commission,OCIO,7,7,2,2,100.0,28.57,28.57142857142857
United States Postal Service,U.S. Postal Service,40,38,4,0,95.0,10.0,0.0
United States Postal Service,USPS Office of Inspector General,1,1,0,False,100.0,0.0,0.0
United States Senate,US Senate,77,77,11,0,100.0,14.29,0.0
Western Hemisphere Drug Policy Commission,Western Hemisphere Drug Policy Commission,1,1,0,False,100.0,0.0,0.0
gov Administration,.gov Administration,1,1,0,False,100.0,0.0,0.0
