Category,target_url,target_url_domain,target_url_agency_owner,target_url_bureau_owner,title,scan_date
No page title,extvpn2.cfpb.gov,cfpb.gov,Consumer Financial Protection Bureau,Consumer Financial Protection Bureau,,2024-02-16T02:59:45.150Z
No page title,reginquiry.consumerfinance.gov,consumerfinance.gov,Consumer Financial Protection Bureau,Consumer Financial Protection Bureau,,2024-02-16T03:20:11.392Z
No page title,hmdahelp.consumerfinance.gov,consumerfinance.gov,Consumer Financial Protection Bureau,Consumer Financial Protection Bureau,,2024-02-16T03:26:59.127Z
No page title,reginquiries.consumerfinance.gov,consumerfinance.gov,Consumer Financial Protection Bureau,Consumer Financial Protection Bureau,,2024-02-16T07:41:40.851Z
No page title,services.geo.census.gov,census.gov,Department of Commerce,Census Bureau,,2024-02-16T03:02:09.274Z
No page title,catalog.mso.census.gov,census.gov,Department of Commerce,Census Bureau,,2024-02-16T02:58:11.041Z
No page title,respond.qa.census.gov,census.gov,Department of Commerce,Census Bureau,,2024-02-16T03:07:46.503Z
No page title,dir.commerce.gov,commerce.gov,Department of Commerce,Department of Commerce,,2024-02-16T01:25:54.463Z
No page title,cwcweb.cwc.gov,cwc.gov,Department of Commerce,Bureau of Industry and Security,,2024-02-16T07:42:41.418Z
No page title,emenuapps.ita.doc.gov,doc.gov,Department of Commerce,Office of the Chief Information Officer,,2024-02-16T01:33:19.612Z
No page title,dvpn001g.firstnet.gov,firstnet.gov,Department of Commerce,National Telecommunications and Information Administration,,2024-02-16T04:01:51.298Z
No page title,fits.nist.gov,nist.gov,Department of Commerce,National Institute of Standards and Technology,,2024-02-16T05:32:39.166Z
No page title,hl7v2-edos-r1-testing.nist.gov,nist.gov,Department of Commerce,National Institute of Standards and Technology,,2024-02-16T06:00:25.586Z
No page title,pages.nist.gov,nist.gov,Department of Commerce,National Institute of Standards and Technology,,2024-02-16T06:17:47.104Z
No page title,ihe-pcd.nist.gov,nist.gov,Department of Commerce,National Institute of Standards and Technology,,2024-02-16T06:19:40.341Z
No page title,hl7v2-ss-r2-testing.nist.gov,nist.gov,Department of Commerce,National Institute of Standards and Technology,,2024-02-16T07:33:43.034Z
No page title,tcamt.nist.gov,nist.gov,Department of Commerce,National Institute of Standards and Technology,,2024-02-16T07:42:18.546Z
No page title,hl7v2-lab-r2-testing.nist.gov,nist.gov,Department of Commerce,National Institute of Standards and Technology,,2024-02-16T05:33:04.523Z
No page title,hl7v2-loi-r1-testing.nist.gov,nist.gov,Department of Commerce,National Institute of Standards and Technology,,2024-02-16T05:34:11.055Z
No page title,hl7v2-elr-r2-testing.nist.gov,nist.gov,Department of Commerce,National Institute of Standards and Technology,,2024-02-16T05:34:28.423Z
No page title,hl7v2-iz-r1-5-testing.nist.gov,nist.gov,Department of Commerce,National Institute of Standards and Technology,,2024-02-16T05:35:40.132Z
No page title,mig.nist.gov,nist.gov,Department of Commerce,National Institute of Standards and Technology,,2024-02-16T05:38:25.366Z
No page title,hl7v2-iz-cdc-testing.nist.gov,nist.gov,Department of Commerce,National Institute of Standards and Technology,,2024-02-16T07:33:49.796Z
No page title,hl7v2-gvt.nist.gov,nist.gov,Department of Commerce,National Institute of Standards and Technology,,2024-02-16T02:19:50.669Z
No page title,remote-east.nmfs.noaa.gov,noaa.gov,Department of Commerce,National Oceanic and Atmospheric Administration,,2024-02-16T02:01:13.440Z
No page title,imagery2.chs.coast.noaa.gov,noaa.gov,Department of Commerce,National Oceanic and Atmospheric Administration,,2024-02-16T05:45:20.944Z
No page title,dmspsupport.nesdis.noaa.gov,noaa.gov,Department of Commerce,National Oceanic and Atmospheric Administration,,2024-02-16T05:47:42.488Z
No page title,auth.ncdc.noaa.gov,noaa.gov,Department of Commerce,National Oceanic and Atmospheric Administration,,2024-02-16T07:12:49.813Z
No page title,thredds1.pfeg.noaa.gov,noaa.gov,Department of Commerce,National Oceanic and Atmospheric Administration,,2024-02-16T07:43:40.721Z
No page title,sds.erma.noaa.gov,noaa.gov,Department of Commerce,National Oceanic and Atmospheric Administration,,2024-02-15T07:56:37.119Z
No page title,ls1-vuy.erh.noaa.gov,noaa.gov,Department of Commerce,National Oceanic and Atmospheric Administration,,2024-02-16T00:31:02.171Z
No page title,vpn-west.nmfs.noaa.gov,noaa.gov,Department of Commerce,National Oceanic and Atmospheric Administration,,2024-02-16T02:01:48.490Z
No page title,archive.fisheries.noaa.gov,noaa.gov,Department of Commerce,National Oceanic and Atmospheric Administration,,2024-02-16T05:40:10.859Z
No page title,floatplan.noaa.gov,noaa.gov,Department of Commerce,National Oceanic and Atmospheric Administration,,2024-01-06T04:52:59.131Z
No page title,vpn-east.nmfs.noaa.gov,noaa.gov,Department of Commerce,National Oceanic and Atmospheric Administration,,2024-02-16T06:01:23.844Z
No page title,remote-west.nmfs.noaa.gov,noaa.gov,Department of Commerce,National Oceanic and Atmospheric Administration,,2024-02-16T01:22:40.262Z
No page title,tgftp.op.ncep.noaa.gov,noaa.gov,Department of Commerce,National Oceanic and Atmospheric Administration,,2024-02-16T01:54:41.406Z
No page title,apps.dat.noaa.gov,noaa.gov,Department of Commerce,National Oceanic and Atmospheric Administration,,2024-02-16T05:37:44.608Z
No page title,osm.woc.noaa.gov,noaa.gov,Department of Commerce,National Oceanic and Atmospheric Administration,,2024-02-16T07:27:07.377Z
No page title,seb.noaa.gov,noaa.gov,Department of Commerce,National Oceanic and Atmospheric Administration,,2024-02-16T01:37:57.284Z
No page title,imagery1.chs.coast.noaa.gov,noaa.gov,Department of Commerce,National Oceanic and Atmospheric Administration,,2024-02-16T07:14:43.367Z
No page title,imagery.chs.coast.noaa.gov,noaa.gov,Department of Commerce,National Oceanic and Atmospheric Administration,,2024-02-16T07:41:50.102Z
No page title,ngn.trade.gov,trade.gov,Department of Commerce,International Trade Administration,,2024-02-16T08:54:47.147Z
No page title,ppubs.uspto.gov,uspto.gov,Department of Commerce,USPTO,,2024-02-16T01:59:09.553Z
No page title,legacy-assignments.uspto.gov,uspto.gov,Department of Commerce,USPTO,,2024-02-16T06:18:55.399Z
No page title,lists.ner.cap.gov,cap.gov,Department of Defense,Civil Air Patrol HQ,,2024-02-16T01:04:54.358Z
No page title,www.iad.gov,iad.gov,Department of Defense,National Security Agency,,2024-02-16T05:47:30.987Z
No page title,iad.gov,iad.gov,Department of Defense,National Security Agency,,2024-02-16T05:51:25.333Z
No page title,gotowork-piv.ed.gov,ed.gov,Department of Education,Office of Chief Information Officer,,2024-02-16T00:59:48.213Z
No page title,eaiweb.ed.gov,ed.gov,Department of Education,Office of Chief Information Officer,,2023-12-07T06:54:33.661Z
No page title,tfaed.ed.gov,ed.gov,Department of Education,Office of Chief Information Officer,,2024-02-16T08:01:49.861Z
No page title,gateway.ies.ed.gov,ed.gov,Department of Education,Office of Chief Information Officer,,2024-02-16T08:02:49.490Z
No page title,dr.msix.ed.gov,ed.gov,Department of Education,Office of Chief Information Officer,,2024-02-16T07:30:35.570Z
No page title,hops.ed.gov,ed.gov,Department of Education,Office of Chief Information Officer,,2023-12-07T06:58:02.792Z
No page title,testsa.ed.gov,ed.gov,Department of Education,Office of Chief Information Officer,,2024-02-16T08:04:57.644Z
No page title,sa.ed.gov,ed.gov,Department of Education,Office of Chief Information Officer,,2024-02-16T07:59:26.104Z
No page title,surveys.ies.ed.gov,ed.gov,Department of Education,Office of Chief Information Officer,,2024-02-16T08:01:14.493Z
No page title,centraldocs.aps.anl.gov,anl.gov,Department of Energy,Argonne National Laboratory,,2024-02-16T00:31:05.991Z
No page title,mc1.hep.anl.gov,anl.gov,Department of Energy,Argonne National Laboratory,,2024-02-16T00:46:48.828Z
No page title,12id.xray.aps.anl.gov,anl.gov,Department of Energy,Argonne National Laboratory,,2024-02-16T00:30:11.843Z
No page title,7bm.xray.aps.anl.gov,anl.gov,Department of Energy,Argonne National Laboratory,,2024-02-16T00:35:39.873Z
No page title,sector33.xray.aps.anl.gov,anl.gov,Department of Energy,Argonne National Laboratory,,2024-02-16T00:40:48.051Z
No page title,pastfusion.gss.anl.gov,anl.gov,Department of Energy,Argonne National Laboratory,,2024-02-16T00:42:59.119Z
No page title,web.evs.anl.gov,anl.gov,Department of Energy,Argonne National Laboratory,,2024-02-16T03:33:02.135Z
No page title,mc.hep.anl.gov,anl.gov,Department of Energy,Argonne National Laboratory,,2024-02-16T00:31:06.429Z
No page title,2idb.xray.aps.anl.gov,anl.gov,Department of Energy,Argonne National Laboratory,,2024-02-16T00:36:52.792Z
No page title,papka.alcf.anl.gov,anl.gov,Department of Energy,Argonne National Laboratory,,2024-02-16T00:37:30.762Z
No page title,sector34.xray.aps.anl.gov,anl.gov,Department of Energy,Argonne National Laboratory,,2024-02-16T00:39:56.708Z
No page title,pcm.arm.gov,arm.gov,Department of Energy,Battelle Pacific Northwest National Laboratory,,2024-02-16T04:37:55.019Z
No page title,yum.arm.gov,arm.gov,Department of Energy,Battelle Pacific Northwest National Laboratory,,2024-02-16T00:44:40.949Z
No page title,rainier.arm.gov,arm.gov,Department of Energy,Battelle Pacific Northwest National Laboratory,,2024-02-16T03:35:53.044Z
No page title,globus01.sdcc.bnl.gov,bnl.gov,Department of Energy,Brookhaven National Laboratory,,2024-02-16T00:48:22.437Z
No page title,rhicii-science.bnl.gov,bnl.gov,Department of Energy,Brookhaven National Laboratory,,2024-02-16T00:56:48.567Z
No page title,status.nsls2.bnl.gov,bnl.gov,Department of Energy,Brookhaven National Laboratory,,2024-02-16T04:35:53.804Z
No page title,wx1.bnl.gov,bnl.gov,Department of Energy,Brookhaven National Laboratory,,2024-02-16T07:36:46.429Z
No page title,srdocuments.bpa.gov,bpa.gov,Department of Energy,Bonneville Power Administration,,2024-02-16T07:29:40.808Z
No page title,resources.y12.doe.gov,doe.gov,Department of Energy,"US Department of Energy, Office of the CIO",,2024-02-16T01:36:37.894Z
No page title,n3b-aw-seg.em-la.doe.gov,doe.gov,Department of Energy,"US Department of Energy, Office of the CIO",,2024-02-16T03:25:31.488Z
No page title,www4.eere.energy.gov,energy.gov,Department of Energy,"US Department of Energy, Office of the CIO",,2024-02-16T03:30:59.468Z
No page title,cams.nnsa.energy.gov,energy.gov,Department of Energy,"US Department of Energy, Office of the CIO",,2024-02-16T08:06:31.647Z
No page title,www7.eere.energy.gov,energy.gov,Department of Energy,"US Department of Energy, Office of the CIO",,2024-02-16T04:53:01.687Z
No page title,apps.transcom.energy.gov,energy.gov,Department of Energy,"US Department of Energy, Office of the CIO",,2024-02-16T08:02:12.674Z
No page title,appc.transcom.energy.gov,energy.gov,Department of Energy,"US Department of Energy, Office of the CIO",,2024-02-16T08:04:33.926Z
No page title,projects.fnal.gov,fnal.gov,Department of Energy,Fermi National Accelerator Laboratory,,2024-02-16T01:10:51.752Z
No page title,xoc.fnal.gov,fnal.gov,Department of Energy,Fermi National Accelerator Laboratory,,2024-02-16T01:31:20.373Z
No page title,gm2.fnal.gov,fnal.gov,Department of Energy,Fermi National Accelerator Laboratory,,2024-02-16T03:19:50.060Z
No page title,mu2e-docdb.fnal.gov,fnal.gov,Department of Energy,Fermi National Accelerator Laboratory,,2024-02-16T01:15:26.209Z
No page title,directorate.fnal.gov,fnal.gov,Department of Energy,Fermi National Accelerator Laboratory,,2024-02-16T00:59:53.611Z
No page title,mu2emag-docdb.fnal.gov,fnal.gov,Department of Energy,Fermi National Accelerator Laboratory,,2024-02-16T01:08:20.036Z
No page title,sbn-docdb.fnal.gov,fnal.gov,Department of Energy,Fermi National Accelerator Laboratory,,2024-02-16T01:12:11.053Z
No page title,pip2-docdb.fnal.gov,fnal.gov,Department of Energy,Fermi National Accelerator Laboratory,,2024-02-16T01:13:11.223Z
No page title,drdonlincoln.fnal.gov,fnal.gov,Department of Energy,Fermi National Accelerator Laboratory,,2024-02-16T03:07:30.745Z
No page title,www-bdnew.fnal.gov,fnal.gov,Department of Energy,Fermi National Accelerator Laboratory,,2024-02-16T05:14:38.092Z
No page title,hammer.hanford.gov,hanford.gov,Department of Energy,Hanford Mission Integration Solutions,,2024-02-16T00:54:26.838Z
No page title,transfer.hanford.gov,hanford.gov,Department of Energy,Hanford Mission Integration Solutions,,2024-02-16T01:04:08.720Z
No page title,selfservice.inl.gov,inl.gov,Department of Energy,Idaho National Laboratory,,2024-02-16T05:51:02.755Z
No page title,phage-f5.lanl.gov,lanl.gov,Department of Energy,Los Alamos National Laboratory,,2024-02-16T01:05:51.514Z
No page title,chavigreen-f5.lanl.gov,lanl.gov,Department of Energy,Los Alamos National Laboratory,,2024-02-16T06:08:06.732Z
No page title,osrpis.lanl.gov,lanl.gov,Department of Energy,Los Alamos National Laboratory,,2024-02-16T08:14:10.947Z
No page title,proxied-osrpis-f5.lanl.gov,lanl.gov,Department of Energy,Los Alamos National Laboratory,,2024-02-16T03:29:29.999Z
No page title,iis.lanl.gov,lanl.gov,Department of Energy,Los Alamos National Laboratory,,2024-02-16T05:39:48.534Z
No page title,ftp-f5.lanl.gov,lanl.gov,Department of Energy,Los Alamos National Laboratory,,2024-02-16T06:05:40.622Z
No page title,regprecise.lbl.gov,lbl.gov,Department of Energy,Lawrence Berkeley National Laboratory,,2024-02-16T03:32:12.628Z
No page title,esl.lbl.gov,lbl.gov,Department of Energy,Lawrence Berkeley National Laboratory,,2024-02-16T07:29:32.721Z
No page title,foundry-proposals.lbl.gov,lbl.gov,Department of Energy,Lawrence Berkeley National Laboratory,,2024-02-16T08:22:27.042Z
No page title,elad.lbl.gov,lbl.gov,Department of Energy,Lawrence Berkeley National Laboratory,,2024-02-16T08:23:45.811Z
No page title,mod.lbl.gov,lbl.gov,Department of Energy,Lawrence Berkeley National Laboratory,,2024-02-16T08:28:15.715Z
No page title,singularity.lbl.gov,lbl.gov,Department of Energy,Lawrence Berkeley National Laboratory,,2024-02-16T08:45:15.227Z
No page title,virtualbuildingtriathlon.lbl.gov,lbl.gov,Department of Energy,Lawrence Berkeley National Laboratory,,2024-02-16T06:10:24.590Z
No page title,cso.lbl.gov,lbl.gov,Department of Energy,Lawrence Berkeley National Laboratory,,2024-02-16T08:16:19.014Z
No page title,nest.lbl.gov,lbl.gov,Department of Energy,Lawrence Berkeley National Laboratory,,2024-02-16T08:28:54.918Z
No page title,genome.lbl.gov,lbl.gov,Department of Energy,Lawrence Berkeley National Laboratory,,2024-02-16T08:29:14.299Z
No page title,sdmcenter.lbl.gov,lbl.gov,Department of Energy,Lawrence Berkeley National Laboratory,,2024-02-16T08:44:47.860Z
No page title,gaia.lbl.gov,lbl.gov,Department of Energy,Lawrence Berkeley National Laboratory,,2024-02-16T04:46:44.143Z
No page title,controls2.als.lbl.gov,lbl.gov,Department of Energy,Lawrence Berkeley National Laboratory,,2024-02-16T04:51:05.999Z
No page title,c51.lbl.gov,lbl.gov,Department of Energy,Lawrence Berkeley National Laboratory,,2024-02-16T08:19:38.901Z
No page title,imglib.lbl.gov,lbl.gov,Department of Energy,Lawrence Berkeley National Laboratory,,2024-02-16T08:25:11.743Z
No page title,simergy-beta.lbl.gov,lbl.gov,Department of Energy,Lawrence Berkeley National Laboratory,,2024-02-16T08:34:15.679Z
No page title,www-eng.lbl.gov,lbl.gov,Department of Energy,Lawrence Berkeley National Laboratory,,2024-02-16T08:39:37.894Z
No page title,alsusweb.lbl.gov,lbl.gov,Department of Energy,Lawrence Berkeley National Laboratory,,2024-02-16T03:31:03.375Z
No page title,imds.lbl.gov,lbl.gov,Department of Energy,Lawrence Berkeley National Laboratory,,2024-02-16T03:33:18.802Z
No page title,enhancer.lbl.gov,lbl.gov,Department of Energy,Lawrence Berkeley National Laboratory,,2024-02-16T08:28:59.057Z
No page title,simergy.lbl.gov,lbl.gov,Department of Energy,Lawrence Berkeley National Laboratory,,2024-02-16T08:40:29.678Z
No page title,gdo-datasci.llnl.gov,llnl.gov,Department of Energy,Lawrence Livermore National Laboratory,,2024-02-16T06:16:58.927Z
No page title,gdo152.llnl.gov,llnl.gov,Department of Energy,Lawrence Livermore National Laboratory,,2024-02-16T07:55:53.473Z
No page title,hpdmflex.ornl.gov,ornl.gov,Department of Energy,Oak Ridge National Laboratory,,2024-02-16T04:24:05.516Z
No page title,jobs.ornl.gov,ornl.gov,Department of Energy,Oak Ridge National Laboratory,,2024-02-16T04:28:11.847Z
No page title,aws-bod1801.ornl.gov,ornl.gov,Department of Energy,Oak Ridge National Laboratory,,2024-02-16T04:07:17.312Z
No page title,mp-jamffdp02.ornl.gov,ornl.gov,Department of Energy,Oak Ridge National Laboratory,,2024-02-16T04:22:29.650Z
No page title,lmt.ornl.gov,ornl.gov,Department of Energy,Oak Ridge National Laboratory,,2024-02-16T04:30:16.648Z
No page title,jobs-qa.ornl.gov,ornl.gov,Department of Energy,Oak Ridge National Laboratory,,2024-02-16T04:31:05.595Z
No page title,mercury.ornl.gov,ornl.gov,Department of Energy,Oak Ridge National Laboratory,,2024-02-16T04:42:17.979Z
No page title,netpass.pnl.gov,pnl.gov,Department of Energy,Pacific Northwest National Laboratory,,2024-02-16T07:06:13.656Z
No page title,dustran.pnl.gov,pnl.gov,Department of Energy,Pacific Northwest National Laboratory,,2024-02-16T07:02:59.694Z
No page title,netpass.pnnl.gov,pnnl.gov,Department of Energy,Pacific Northwest National Laboratory,,2024-02-16T08:47:59.858Z
No page title,dustran.pnnl.gov,pnnl.gov,Department of Energy,Pacific Northwest National Laboratory,,2024-02-16T07:06:51.569Z
No page title,sustainable.pppl.gov,pppl.gov,Department of Energy,Princeton Plasma Physics Lab,,2024-02-16T08:49:59.666Z
No page title,mr2012.pppl.gov,pppl.gov,Department of Energy,Princeton Plasma Physics Lab,,2024-02-16T06:22:47.972Z
No page title,labstatus.pppl.gov,pppl.gov,Department of Energy,Princeton Plasma Physics Lab,,2024-02-16T07:19:10.299Z
No page title,ext-sweb.pppl.gov,pppl.gov,Department of Energy,Princeton Plasma Physics Lab,,2024-02-16T07:20:14.585Z
No page title,advancedprojects.pppl.gov,pppl.gov,Department of Energy,Princeton Plasma Physics Lab,,2024-02-16T07:14:19.932Z
No page title,fusedweb.pppl.gov,pppl.gov,Department of Energy,Princeton Plasma Physics Lab,,2024-02-16T07:17:18.624Z
No page title,tela.srs.gov,srs.gov,Department of Energy,Savannah River Nuclear Solutions (SRNS),,2024-02-16T07:49:37.561Z
No page title,sirs.acl.gov,acl.gov,Department of Health and Human Services,Administration for Community Living,,2024-02-16T00:31:22.805Z
No page title,stars.acl.gov,acl.gov,Department of Health and Human Services,Administration for Community Living,,2024-02-16T02:55:29.777Z
No page title,accounts.ahrq.gov,ahrq.gov,Department of Health and Human Services,Agency for Healthcare Research and Quality,,2024-02-16T00:28:40.947Z
No page title,accountstest.ahrq.gov,ahrq.gov,Department of Health and Human Services,Agency for Healthcare Research and Quality,,2024-02-16T00:37:43.480Z
No page title,mobile.ahrq.gov,ahrq.gov,Department of Health and Human Services,Agency for Healthcare Research and Quality,,2024-02-16T04:58:01.672Z
No page title,dcptools.cancer.gov,cancer.gov,Department of Health and Human Services,"National Cancer Institute, NIH",,2024-02-16T00:45:25.932Z
No page title,metrics.cancer.gov,cancer.gov,Department of Health and Human Services,"National Cancer Institute, NIH",,2024-02-16T07:37:07.339Z
No page title,search.cdc.gov,cdc.gov,Department of Health and Human Services,Centers for Disease Control and Prevention,,2024-02-16T02:56:27.041Z
No page title,webappx.cdc.gov,cdc.gov,Department of Health and Human Services,Centers for Disease Control and Prevention,,2024-02-16T03:04:41.246Z
No page title,csams.cdc.gov,cdc.gov,Department of Health and Human Services,Centers for Disease Control and Prevention,,2024-02-16T03:47:10.858Z
No page title,epiinfosecurewebsurvey.cdc.gov,cdc.gov,Department of Health and Human Services,Centers for Disease Control and Prevention,,2024-02-16T02:56:03.531Z
No page title,wwwn.cdc.gov,cdc.gov,Department of Health and Human Services,Centers for Disease Control and Prevention,,2024-02-16T02:59:41.318Z
No page title,www2a.cdc.gov,cdc.gov,Department of Health and Human Services,Centers for Disease Control and Prevention,,2024-02-16T03:03:25.240Z
No page title,epiinfowebsurvey.cdc.gov,cdc.gov,Department of Health and Human Services,Centers for Disease Control and Prevention,,2024-02-16T03:57:24.180Z
No page title,prs-beta-testing.clinicaltrials.gov,clinicaltrials.gov,Department of Health and Human Services,"National Library of Medicine, NIH",,2023-12-07T01:14:01.451Z
No page title,mvpn.fda.gov,fda.gov,Department of Health and Human Services,U. S. Food and Drug Administration,,2024-02-16T02:24:14.720Z
No page title,edmpilot-web.preprod.fda.gov,fda.gov,Department of Health and Human Services,U. S. Food and Drug Administration,,2024-02-16T05:07:41.539Z
No page title,www.accessdata.fda.gov,fda.gov,Department of Health and Human Services,U. S. Food and Drug Administration,,2024-02-16T04:53:03.280Z
No page title,edm.fda.gov,fda.gov,Department of Health and Human Services,U. S. Food and Drug Administration,,2024-02-16T01:17:23.367Z
No page title,nfsdx.preprod.fda.gov,fda.gov,Department of Health and Human Services,U. S. Food and Drug Administration,,2024-02-16T01:17:29.621Z
No page title,nfsdx.fda.gov,fda.gov,Department of Health and Human Services,U. S. Food and Drug Administration,,2024-02-16T08:14:32.521Z
No page title,grants.gov,grants.gov,Department of Health and Human Services,"Assistant Secretary for Financial Resources, Office of the Secretary",,2024-02-16T04:19:50.978Z
No page title,communications.grants.gov,grants.gov,Department of Health and Human Services,"Assistant Secretary for Financial Resources, Office of the Secretary",,2024-02-16T05:19:07.097Z
No page title,ws07.grants.gov,grants.gov,Department of Health and Human Services,"Assistant Secretary for Financial Resources, Office of the Secretary",,2024-02-16T05:20:17.507Z
No page title,trainingws.grants.gov,grants.gov,Department of Health and Human Services,"Assistant Secretary for Financial Resources, Office of the Secretary",,2024-02-16T04:19:35.796Z
No page title,www.grants.gov,grants.gov,Department of Health and Human Services,"Assistant Secretary for Financial Resources, Office of the Secretary",,2024-02-16T05:20:18.395Z
No page title,training.grants.gov,grants.gov,Department of Health and Human Services,"Assistant Secretary for Financial Resources, Office of the Secretary",,2024-02-16T07:57:26.040Z
No page title,stagingws.grants.gov,grants.gov,Department of Health and Human Services,"Assistant Secretary for Financial Resources, Office of the Secretary",,2024-02-16T05:19:48.540Z
No page title,files.healthit.gov,healthit.gov,Department of Health and Human Services,"Office of the National Coordinator, Office of the Secretary",,2024-02-16T01:43:21.279Z
No page title,das.hhs.gov,hhs.gov,Department of Health and Human Services,Office of the Secretary,,2023-12-07T01:58:37.954Z
No page title,mail2.ihs.gov,ihs.gov,Department of Health and Human Services,Indian Health Service / Office of IT,,2023-12-07T04:46:39.824Z
No page title,chat.mymedicare.gov,mymedicare.gov,Department of Health and Human Services,Centers for Medicare and Medicaid Services,,2024-02-16T03:56:57.782Z
No page title,botdb-abcc.ncifcrf.gov,ncifcrf.gov,Department of Health and Human Services,"Enterprise Information Technology, NIH",,2024-02-16T02:20:16.624Z
No page title,botdb.abcc.ncifcrf.gov,ncifcrf.gov,Department of Health and Human Services,"Enterprise Information Technology, NIH",,2024-02-16T02:21:13.657Z
No page title,home.ncifcrf.gov,ncifcrf.gov,Department of Health and Human Services,"Enterprise Information Technology, NIH",,2024-02-16T04:53:15.182Z
No page title,learn-nlm-nih-gov.ezproxyhhs.nihlibrary.nih.gov,nih.gov,Department of Health and Human Services,National Institutes of Health,,2024-02-16T04:56:04.309Z
No page title,account-ncbi-nlm-nih-gov.ezproxy.nihlibrary.nih.gov,nih.gov,Department of Health and Human Services,National Institutes of Health,,2024-02-16T05:01:01.400Z
No page title,medlineplus-gov.ezproxyhhs.nihlibrary.nih.gov,nih.gov,Department of Health and Human Services,National Institutes of Health,,2024-02-16T05:19:45.354Z
No page title,pubmed-ncbi-nlm-nih-gov.ezproxyhhs.nihlibrary.nih.gov,nih.gov,Department of Health and Human Services,National Institutes of Health,,2024-02-16T05:22:50.168Z
No page title,publicaccess.nih.gov.ezproxy.nihlibrary.nih.gov,nih.gov,Department of Health and Human Services,National Institutes of Health,,2024-02-16T05:27:10.869Z
No page title,strap.nci.nih.gov,nih.gov,Department of Health and Human Services,National Institutes of Health,,2024-02-16T05:29:21.353Z
No page title,vpn4.cit.nih.gov,nih.gov,Department of Health and Human Services,National Institutes of Health,,2024-02-16T05:29:26.513Z
No page title,wsrch.wip.nlm.nih.gov,nih.gov,Department of Health and Human Services,National Institutes of Health,,2024-02-16T05:30:30.933Z
No page title,www-nih-gov.ezproxy.nihlibrary.nih.gov,nih.gov,Department of Health and Human Services,National Institutes of Health,,2024-02-16T05:31:07.768Z
No page title,vpn8.cit.nih.gov,nih.gov,Department of Health and Human Services,National Institutes of Health,,2024-02-16T05:31:17.026Z
No page title,www-nlm-nih-gov.ezproxyhhs.nihlibrary.nih.gov,nih.gov,Department of Health and Human Services,National Institutes of Health,,2024-02-16T05:31:18.563Z
No page title,shuttle.nih.gov,nih.gov,Department of Health and Human Services,National Institutes of Health,,2024-02-16T05:31:40.809Z
No page title,eclkc-ohs-acf-hhs-gov.ezproxyhhs.nihlibrary.nih.gov,nih.gov,Department of Health and Human Services,National Institutes of Health,,2024-02-16T05:54:42.052Z
No page title,medarts.nih.gov,nih.gov,Department of Health and Human Services,National Institutes of Health,,2024-02-16T06:02:29.610Z
No page title,fda.gov.ezproxyhhs.nihlibrary.nih.gov,nih.gov,Department of Health and Human Services,National Institutes of Health,,2024-02-16T06:07:42.777Z
No page title,wsearch.wip.nlm.nih.gov,nih.gov,Department of Health and Human Services,National Institutes of Health,,2024-02-16T07:15:40.896Z
No page title,elementsofmorphology.nih.gov,nih.gov,Department of Health and Human Services,National Institutes of Health,,2024-02-16T07:30:17.474Z
No page title,rehab.research.va.gov.ezproxy.nihlibrary.nih.gov,nih.gov,Department of Health and Human Services,National Institutes of Health,,2024-02-16T07:35:45.294Z
No page title,worldreport.nih.gov,nih.gov,Department of Health and Human Services,National Institutes of Health,,2024-02-16T08:06:53.996Z
No page title,irp-positions.nih.gov,nih.gov,Department of Health and Human Services,National Institutes of Health,,2024-02-16T08:09:31.661Z
No page title,www-ors-od-nih-gov.ezproxyhhs.nihlibrary.nih.gov,nih.gov,Department of Health and Human Services,National Institutes of Health,,2024-02-16T08:14:14.809Z
No page title,account-ncbi-nlm-nih-gov.ezproxyhhs.nihlibrary.nih.gov,nih.gov,Department of Health and Human Services,National Institutes of Health,,2024-02-16T01:07:02.795Z
No page title,biometry.nci.nih.gov,nih.gov,Department of Health and Human Services,National Institutes of Health,,2024-02-16T01:23:50.439Z
No page title,chemdata.nist.gov.ezproxy.nihlibrary.nih.gov,nih.gov,Department of Health and Human Services,National Institutes of Health,,2024-02-16T01:53:12.831Z
No page title,bica.nhgri.nih.gov,nih.gov,Department of Health and Human Services,National Institutes of Health,,2024-02-16T02:34:32.817Z
No page title,dseis.od.nih.gov,nih.gov,Department of Health and Human Services,National Institutes of Health,,2024-02-16T03:33:20.131Z
No page title,orso.niehs.nih.gov,nih.gov,Department of Health and Human Services,National Institutes of Health,,2024-02-16T04:46:02.283Z
No page title,ehp-niehs-nih-gov.ezproxyhhs.nihlibrary.nih.gov,nih.gov,Department of Health and Human Services,National Institutes of Health,,2024-02-16T04:54:42.981Z
No page title,dems.ors.od.nih.gov,nih.gov,Department of Health and Human Services,National Institutes of Health,,2024-02-16T05:07:58.385Z
No page title,ewps.niehs.nih.gov,nih.gov,Department of Health and Human Services,National Institutes of Health,,2024-02-16T05:15:47.018Z
No page title,ors-od-nih-gov.ezproxyhhs.nihlibrary.nih.gov,nih.gov,Department of Health and Human Services,National Institutes of Health,,2024-02-16T05:22:33.719Z
No page title,openi-wip.lhcaws.nlm.nih.gov,nih.gov,Department of Health and Human Services,National Institutes of Health,,2024-02-16T05:23:53.823Z
No page title,vpn7.cit.nih.gov,nih.gov,Department of Health and Human Services,National Institutes of Health,,2024-02-16T05:29:32.360Z
No page title,vsearch.nlm.nih.gov,nih.gov,Department of Health and Human Services,National Institutes of Health,,2024-02-16T05:29:28.714Z
No page title,www-cdc-gov.ezproxy.nihlibrary.nih.gov,nih.gov,Department of Health and Human Services,National Institutes of Health,,2024-02-16T05:30:45.451Z
No page title,www-nih-gov.ezproxyhhs.nihlibrary.nih.gov,nih.gov,Department of Health and Human Services,National Institutes of Health,,2024-02-16T05:32:16.629Z
No page title,www-nist-gov.ezproxy.nihlibrary.nih.gov,nih.gov,Department of Health and Human Services,National Institutes of Health,,2024-02-16T05:32:23.322Z
No page title,vpn2.cit.nih.gov,nih.gov,Department of Health and Human Services,National Institutes of Health,,2024-02-16T05:32:30.923Z
No page title,vpn5.cit.nih.gov,nih.gov,Department of Health and Human Services,National Institutes of Health,,2024-02-16T05:33:27.851Z
No page title,www-ncbi-nlm-nih-gov.ezproxyhhs.nihlibrary.nih.gov,nih.gov,Department of Health and Human Services,National Institutes of Health,,2024-02-16T05:33:47.853Z
No page title,www-report-nih-gov.ezproxyhhs.nihlibrary.nih.gov,nih.gov,Department of Health and Human Services,National Institutes of Health,,2024-02-16T06:09:09.243Z
No page title,login.ezproxyhhs.nihlibrary.nih.gov,nih.gov,Department of Health and Human Services,National Institutes of Health,,2024-02-16T06:30:56.932Z
No page title,cadsr.nci.nih.gov,nih.gov,Department of Health and Human Services,National Institutes of Health,,2024-02-16T06:40:21.830Z
No page title,dats.ors.od.nih.gov,nih.gov,Department of Health and Human Services,National Institutes of Health,,2024-02-16T06:41:04.804Z
No page title,www-cdc-gov.ezproxyhhs.nihlibrary.nih.gov,nih.gov,Department of Health and Human Services,National Institutes of Health,,2024-02-16T07:12:42.163Z
No page title,nlmpubs.nlm.nih.gov,nih.gov,Department of Health and Human Services,National Institutes of Health,,2024-02-16T07:34:33.367Z
No page title,sandbox.ntp.niehs.nih.gov,nih.gov,Department of Health and Human Services,National Institutes of Health,,2024-02-16T07:36:14.992Z
No page title,www-ncbi-nlm-nih-gov.ezproxy.nihlibrary.nih.gov,nih.gov,Department of Health and Human Services,National Institutes of Health,,2024-02-16T07:44:03.175Z
No page title,childcare.ors.nih.gov,nih.gov,Department of Health and Human Services,National Institutes of Health,,2024-02-16T07:57:45.152Z
No page title,ahrq.gov.ezproxy.nihlibrary.nih.gov,nih.gov,Department of Health and Human Services,National Institutes of Health,,2024-02-16T01:06:47.379Z
No page title,alert.nih.gov,nih.gov,Department of Health and Human Services,National Institutes of Health,,2024-02-16T01:07:44.010Z
No page title,auth-nih-gov.ezproxyhhs.nihlibrary.nih.gov,nih.gov,Department of Health and Human Services,National Institutes of Health,,2024-02-16T01:15:44.744Z
No page title,cancer.gov.ezproxy.nihlibrary.nih.gov,nih.gov,Department of Health and Human Services,National Institutes of Health,,2024-02-16T01:20:53.368Z
No page title,cdc.gov.ezproxy.nihlibrary.nih.gov,nih.gov,Department of Health and Human Services,National Institutes of Health,,2024-02-16T01:41:29.351Z
No page title,backupcare.ors.nih.gov,nih.gov,Department of Health and Human Services,National Institutes of Health,,2024-02-16T02:34:42.022Z
No page title,ahrq.gov.ezproxyhhs.nihlibrary.nih.gov,nih.gov,Department of Health and Human Services,National Institutes of Health,,2024-02-16T05:00:45.784Z
No page title,does.ors.od.nih.gov,nih.gov,Department of Health and Human Services,National Institutes of Health,,2024-02-16T05:06:30.594Z
No page title,effectivehealthcare.ahrq.gov.ezproxy.nihlibrary.nih.gov,nih.gov,Department of Health and Human Services,National Institutes of Health,,2024-02-16T05:07:02.704Z
No page title,dis.cit.nih.gov,nih.gov,Department of Health and Human Services,National Institutes of Health,,2024-02-16T05:07:30.367Z
No page title,eresources.nlm.nih.gov,nih.gov,Department of Health and Human Services,National Institutes of Health,,2024-02-16T05:10:14.876Z
No page title,openi.nlm.nih.gov,nih.gov,Department of Health and Human Services,National Institutes of Health,,2024-02-16T05:22:33.611Z
No page title,gcgx.niaid.nih.gov,nih.gov,Department of Health and Human Services,National Institutes of Health,,2024-02-16T05:24:29.121Z
No page title,public.nlm.nih.gov,nih.gov,Department of Health and Human Services,National Institutes of Health,,2024-02-16T05:24:48.853Z
No page title,pubmed-ncbi-nlm-nih-gov.ezproxy.nihlibrary.nih.gov,nih.gov,Department of Health and Human Services,National Institutes of Health,,2024-02-16T05:27:18.434Z
No page title,www-nlm-nih-gov.ezproxy.nihlibrary.nih.gov,nih.gov,Department of Health and Human Services,National Institutes of Health,,2024-02-16T05:30:31.705Z
No page title,vpn6.cit.nih.gov,nih.gov,Department of Health and Human Services,National Institutes of Health,,2024-02-16T05:31:44.299Z
No page title,trace.ncbi.nlm.nih.gov,nih.gov,Department of Health and Human Services,National Institutes of Health,,2023-12-07T04:33:27.672Z
No page title,wwwnc.cdc.gov.ezproxy.nihlibrary.nih.gov,nih.gov,Department of Health and Human Services,National Institutes of Health,,2024-02-16T05:33:55.078Z
No page title,textrous.irp.nia.nih.gov,nih.gov,Department of Health and Human Services,National Institutes of Health,,2024-02-16T06:12:58.403Z
No page title,openi-vip.nlm.nih.gov,nih.gov,Department of Health and Human Services,National Institutes of Health,,2024-02-16T06:14:11.764Z
No page title,vsearch.wip.nlm.nih.gov,nih.gov,Department of Health and Human Services,National Institutes of Health,,2024-02-16T06:19:23.530Z
No page title,wsrch.nlm.nih.gov,nih.gov,Department of Health and Human Services,National Institutes of Health,,2024-02-16T06:22:02.801Z
No page title,ezproxyhhs.nihlibrary.nih.gov,nih.gov,Department of Health and Human Services,National Institutes of Health,,2024-02-16T07:30:58.489Z
No page title,login.ezproxy.nihlibrary.nih.gov,nih.gov,Department of Health and Human Services,National Institutes of Health,,2024-02-16T07:39:21.588Z
No page title,accessdata.fda.gov.ezproxyhhs.nihlibrary.nih.gov,nih.gov,Department of Health and Human Services,National Institutes of Health,,2024-02-16T00:58:30.939Z
No page title,support-nlm-nih-gov.ezproxy.nihlibrary.nih.gov,nih.gov,Department of Health and Human Services,National Institutes of Health,,2024-02-16T02:39:52.497Z
No page title,parking.nih.gov,nih.gov,Department of Health and Human Services,National Institutes of Health,,2024-02-16T04:50:07.683Z
No page title,dmms.ors.od.nih.gov,nih.gov,Department of Health and Human Services,National Institutes of Health,,2024-02-16T05:04:06.612Z
No page title,dohs.ors.od.nih.gov,nih.gov,Department of Health and Human Services,National Institutes of Health,,2024-02-16T05:04:30.828Z
No page title,kona.nhgri.nih.gov,nih.gov,Department of Health and Human Services,National Institutes of Health,,2024-02-16T05:13:04.682Z
No page title,cdc.gov.ezproxyhhs.nihlibrary.nih.gov,nih.gov,Department of Health and Human Services,National Institutes of Health,,2024-02-16T05:13:18.782Z
No page title,heterogeneity.niaid.nih.gov,nih.gov,Department of Health and Human Services,National Institutes of Health,,2024-02-16T05:14:13.122Z
No page title,ftp.nlm.nih.gov,nih.gov,Department of Health and Human Services,National Institutes of Health,,2024-02-16T05:14:34.184Z
No page title,fda.gov.ezproxy.nihlibrary.nih.gov,nih.gov,Department of Health and Human Services,National Institutes of Health,,2024-02-16T05:15:02.095Z
No page title,learn-nlm-nih-gov.ezproxy.nihlibrary.nih.gov,nih.gov,Department of Health and Human Services,National Institutes of Health,,2024-02-16T05:16:40.349Z
No page title,dvr.ors.od.nih.gov,nih.gov,Department of Health and Human Services,National Institutes of Health,,2024-02-16T05:20:04.278Z
No page title,nihsearch.cit.nih.gov,nih.gov,Department of Health and Human Services,National Institutes of Health,,2024-02-16T05:21:27.363Z
No page title,nedportal.nih.gov,nih.gov,Department of Health and Human Services,National Institutes of Health,,2024-02-16T05:22:17.797Z
No page title,pubchem-ncbi-nlm-nih-gov.ezproxy.nihlibrary.nih.gov,nih.gov,Department of Health and Human Services,National Institutes of Health,,2024-02-16T05:23:19.988Z
No page title,ezproxy.nihlibrary.nih.gov,nih.gov,Department of Health and Human Services,National Institutes of Health,,2024-02-16T05:23:49.613Z
No page title,wellnessnews.ors.nih.gov,nih.gov,Department of Health and Human Services,National Institutes of Health,,2024-02-16T05:29:59.087Z
No page title,wsearch.nlm.nih.gov,nih.gov,Department of Health and Human Services,National Institutes of Health,,2024-02-16T05:32:18.932Z
No page title,websrch.cit.nih.gov,nih.gov,Department of Health and Human Services,National Institutes of Health,,2024-02-16T05:33:24.227Z
No page title,nomercury.nih.gov,nih.gov,Department of Health and Human Services,National Institutes of Health,,2024-02-16T06:06:30.273Z
No page title,ors-od-nih-gov.ezproxy.nihlibrary.nih.gov,nih.gov,Department of Health and Human Services,National Institutes of Health,,2024-02-16T06:14:10.912Z
No page title,eresources.wip.nlm.nih.gov,nih.gov,Department of Health and Human Services,National Institutes of Health,,2024-02-16T06:53:53.694Z
No page title,www-drugabuse-gov.ezproxyhhs.nihlibrary.nih.gov,nih.gov,Department of Health and Human Services,National Institutes of Health,,2024-02-16T07:33:37.782Z
No page title,www-ors-od-nih-gov.ezproxy.nihlibrary.nih.gov,nih.gov,Department of Health and Human Services,National Institutes of Health,,2024-02-16T07:40:10.808Z
No page title,wwwnc.cdc.gov.ezproxyhhs.nihlibrary.nih.gov,nih.gov,Department of Health and Human Services,National Institutes of Health,,2024-02-16T07:42:27.891Z
No page title,www.phe.gov,phe.gov,Department of Health and Human Services,"Assistant Secretary for Preparedness and Response, Office of the Secretary",,2024-02-16T07:03:17.308Z
No page title,pmssectr.dpm.psc.gov,psc.gov,Department of Health and Human Services,"Program Support Center, Office of the Secretary",,2024-02-16T07:48:33.267Z
No page title,pmssec.dpm.psc.gov,psc.gov,Department of Health and Human Services,"Program Support Center, Office of the Secretary",,2024-02-16T07:27:41.357Z
No page title,pmssecnew.dpm.psc.gov,psc.gov,Department of Health and Human Services,"Program Support Center, Office of the Secretary",,2024-02-16T08:11:51.018Z
No page title,stconnect.st.dhs.gov,dhs.gov,Department of Homeland Security,Headquarters,,2024-02-16T01:31:39.978Z
No page title,labconnect.st.dhs.gov,dhs.gov,Department of Homeland Security,Headquarters,,2024-02-16T01:29:16.194Z
No page title,gii.dhs.gov,dhs.gov,Department of Homeland Security,Headquarters,,2024-02-16T01:30:52.075Z
No page title,sass.fletc.dhs.gov,dhs.gov,Department of Homeland Security,Headquarters,,2024-02-16T01:36:32.890Z
No page title,cwsapps.tsa.dhs.gov,dhs.gov,Department of Homeland Security,Headquarters,,2024-02-16T04:52:56.789Z
No page title,rules.ncats.cyber.dhs.gov,dhs.gov,Department of Homeland Security,Headquarters,,2024-02-16T03:24:59.976Z
No page title,lscms.fema.gov,fema.gov,Department of Homeland Security,Federal Emergency Management Agency,,2024-02-16T01:34:46.154Z
No page title,hazus-support.msc.fema.gov,fema.gov,Department of Homeland Security,Federal Emergency Management Agency,,2024-02-16T05:02:35.922Z
No page title,isource.fema.gov,fema.gov,Department of Homeland Security,Federal Emergency Management Agency,,2024-02-16T01:34:14.450Z
No page title,registration.fletc.gov,fletc.gov,Department of Homeland Security,Federal Law Enforcement Training Center,,2024-02-16T00:55:50.700Z
No page title,entplm.hud.gov,hud.gov,Department of Housing and Urban Development,Web Master  Pulic Affair,,2024-02-16T05:47:29.650Z
No page title,cpd1.hud.gov,hud.gov,Department of Housing and Urban Development,Web Master  Pulic Affair,,2024-02-16T08:14:07.152Z
No page title,entp.hud.gov,hud.gov,Department of Housing and Urban Development,Web Master  Pulic Affair,,2024-02-16T03:24:13.038Z
No page title,hudappsuat.hud.gov,hud.gov,Department of Housing and Urban Development,Web Master  Pulic Affair,,2024-02-16T04:29:44.083Z
No page title,www.atfonline.gov,atfonline.gov,Department of Justice,"Bureau of Alcohol, Tobacco, Firearms and Explosives",,2024-02-16T00:28:22.337Z
No page title,atfonline.gov,atfonline.gov,Department of Justice,"Bureau of Alcohol, Tobacco, Firearms and Explosives",,2024-02-16T00:45:05.085Z
No page title,mba.cjis.gov,cjis.gov,Department of Justice,Federal Bureau of Investigation,,2024-02-16T02:19:10.563Z
No page title,apply.fbijobs.gov,fbijobs.gov,Department of Justice,Federal Bureau of Investigation,,2024-02-16T02:18:57.249Z
No page title,webservice.ncjrs.gov,ncjrs.gov,Department of Justice,Department of Justice,,2024-02-16T04:54:46.166Z
No page title,wservices.ncjrs.gov,ncjrs.gov,Department of Justice,Department of Justice,,2024-02-16T02:24:36.858Z
No page title,fedstate.bls.gov,bls.gov,Department of Labor,Bureau of Labor Statistics,,2024-02-16T01:04:59.493Z
No page title,gw.oig.dol.gov,dol.gov,Department of Labor,Office of the Chief Information Officer,,2024-02-16T01:44:57.344Z
No page title,enfxfr.dol.gov,dol.gov,Department of Labor,Office of the Chief Information Officer,,2024-02-16T01:45:42.748Z
No page title,calist.state.gov,state.gov,Department of State,Bureau of Global Public Affairs (GPA),,2024-02-16T06:33:48.276Z
No page title,cadataapi.state.gov,state.gov,Department of State,Bureau of Global Public Affairs (GPA),,2024-02-16T06:30:47.431Z
No page title,evisaforms.state.gov,state.gov,Department of State,Bureau of Global Public Affairs (GPA),,2024-02-16T06:31:28.740Z
No page title,rdc.state.gov,state.gov,Department of State,Bureau of Global Public Affairs (GPA),,2024-02-16T06:35:33.231Z
No page title,dvprogram.state.gov,state.gov,Department of State,Bureau of Global Public Affairs (GPA),,2024-02-16T06:32:54.226Z
No page title,huonline.state.gov,state.gov,Department of State,Bureau of Global Public Affairs (GPA),,2024-02-16T06:33:50.742Z
No page title,j1visawaiverrecommendation.state.gov,state.gov,Department of State,Bureau of Global Public Affairs (GPA),,2024-02-16T06:34:34.852Z
No page title,common.usembassy.gov,usembassy.gov,Department of State,Bureau of Global Public Affairs (GPA),,2024-02-16T02:19:40.489Z
No page title,wy.blm.gov,blm.gov,Department of the Interior,Bureau of Land Management - Main Domain,,2024-02-16T00:47:56.766Z
No page title,az.blm.gov,blm.gov,Department of the Interior,Bureau of Land Management - Main Domain,,2024-02-16T06:22:57.430Z
No page title,afmss.blm.gov,blm.gov,Department of the Interior,Bureau of Land Management - Main Domain,,2024-02-16T07:31:35.792Z
No page title,nm.blm.gov,blm.gov,Department of the Interior,Bureau of Land Management - Main Domain,,2024-02-16T00:35:20.597Z
No page title,publicroom.blm.gov,blm.gov,Department of the Interior,Bureau of Land Management - Main Domain,,2024-02-16T00:46:14.788Z
No page title,idahofireinfo.blm.gov,blm.gov,Department of the Interior,Bureau of Land Management - Main Domain,,2024-02-16T00:48:17.114Z
No page title,fire.blm.gov,blm.gov,Department of the Interior,Bureau of Land Management - Main Domain,,2024-02-16T01:03:27.590Z
No page title,birdsofprey.blm.gov,blm.gov,Department of the Interior,Bureau of Land Management - Main Domain,,2024-02-16T06:23:20.964Z
No page title,webmaps.blm.gov,blm.gov,Department of the Interior,Bureau of Land Management - Main Domain,,2024-02-16T00:46:43.814Z
No page title,wildhorseandburro.blm.gov,blm.gov,Department of the Interior,Bureau of Land Management - Main Domain,,2024-02-16T00:54:26.088Z
No page title,afmss.training.blm.gov,blm.gov,Department of the Interior,Bureau of Land Management - Main Domain,,2024-02-16T01:07:43.212Z
No page title,metadata.boem.gov,boem.gov,Department of the Interior,Minerals Management Service,,2024-02-16T07:34:02.984Z
No page title,timswebapps.bsee.gov,bsee.gov,Department of the Interior,Minerals Management Service,,2024-02-16T07:49:39.528Z
No page title,www.conservation.gov,conservation.gov,Department of the Interior,U.S. Geological Survey,,2024-02-16T03:26:50.422Z
No page title,apps.conservation.gov,conservation.gov,Department of the Interior,U.S. Geological Survey,,2024-02-16T01:30:49.588Z
No page title,conservation.gov,conservation.gov,Department of the Interior,U.S. Geological Survey,,2024-02-16T03:22:05.471Z
No page title,lakefw1.doioig.gov,doioig.gov,Department of the Interior,U.S. DEPARTMENT OF INTERIOR / OIG,,2024-02-16T01:39:24.094Z
No page title,hrnfw1.doioig.gov,doioig.gov,Department of the Interior,U.S. DEPARTMENT OF INTERIOR / OIG,,2024-02-16T07:50:55.872Z
No page title,fireleadership.gov,fireleadership.gov,Department of the Interior,Department of the Interior,,2024-02-16T02:52:50.593Z
No page title,fpdss.fws.gov,fws.gov,Department of the Interior,U.S. Fish and Wildlife Service,,2024-02-16T02:08:55.489Z
No page title,ecos.fws.gov,fws.gov,Department of the Interior,U.S. Fish and Wildlife Service,,2024-02-16T05:15:50.733Z
No page title,ecos-beta.fws.gov,fws.gov,Department of the Interior,U.S. Fish and Wildlife Service,,2024-02-16T03:25:08.872Z
No page title,edits.nationalmap.gov,nationalmap.gov,Department of the Interior,U.S. Geological Survey,,2024-02-16T02:18:49.504Z
No page title,hydromaintenance.nationalmap.gov,nationalmap.gov,Department of the Interior,U.S. Geological Survey,,2024-02-16T04:55:58.302Z
No page title,predictiveservices.nifc.gov,nifc.gov,Department of the Interior,National Interagency Fire Center,,2024-02-16T01:02:54.573Z
No page title,apps.cr.nps.gov,nps.gov,Department of the Interior,National Park Service,,2024-02-16T02:12:21.759Z
No page title,irmafiles.nps.gov,nps.gov,Department of the Interior,National Park Service,,2024-02-16T02:41:29.979Z
No page title,avss.osmre.gov,osmre.gov,Department of the Interior,Office of Surface Mining,,2024-02-16T06:59:31.642Z
No page title,piedrasblancas.gov,piedrasblancas.gov,Department of the Interior,Piedras Blancas Light Station,,2024-02-16T07:02:23.491Z
No page title,co2public.er.usgs.gov,usgs.gov,Department of the Interior,U.S. Geological Survey,,2024-02-16T03:11:34.877Z
No page title,gis-beta.usgs.gov,usgs.gov,Department of the Interior,U.S. Geological Survey,,2024-02-16T03:15:15.735Z
No page title,www1-beta.usgs.gov,usgs.gov,Department of the Interior,U.S. Geological Survey,,2024-02-16T03:21:01.054Z
No page title,maps.usgs.gov,usgs.gov,Department of the Interior,U.S. Geological Survey,,2024-02-16T04:51:36.683Z
No page title,thor-f5.er.usgs.gov,usgs.gov,Department of the Interior,U.S. Geological Survey,,2024-02-16T01:05:22.067Z
No page title,gis1.usgs.gov,usgs.gov,Department of the Interior,U.S. Geological Survey,,2024-02-16T03:16:46.889Z
No page title,ncrdspublic.er.usgs.gov,usgs.gov,Department of the Interior,U.S. Geological Survey,,2024-02-16T03:14:48.574Z
No page title,edcftp.cr.usgs.gov,usgs.gov,Department of the Interior,U.S. Geological Survey,,2024-02-16T03:12:23.934Z
No page title,eersc.usgs.gov,usgs.gov,Department of the Interior,U.S. Geological Survey,,2024-02-16T03:12:29.715Z
No page title,maps-beta.usgs.gov,usgs.gov,Department of the Interior,U.S. Geological Survey,,2024-02-16T03:12:50.040Z
No page title,gis.usgs.gov,usgs.gov,Department of the Interior,U.S. Geological Survey,,2024-02-16T05:19:49.331Z
No page title,u02.eftps.gov,eftps.gov,Department of the Treasury,Department of the Treasury - IRS,,2024-02-16T08:05:43.589Z
No page title,www.ipp.gov,ipp.gov,Department of the Treasury,Department of the Treasury - FMS,,2024-02-16T07:52:31.662Z
No page title,ipp.gov,ipp.gov,Department of the Treasury,Department of the Treasury - FMS,,2024-02-16T04:44:59.678Z
No page title,jobs.irs.gov,irs.gov,Department of the Treasury,Department of the Treasury - IRS,,2024-02-16T08:17:14.583Z
No page title,nx1.irsvideos.gov,irsvideos.gov,Department of the Treasury,Department of the Treasury - IRS,,2024-02-16T05:58:33.350Z
No page title,archive.irsvideos.gov,irsvideos.gov,Department of the Treasury,Department of the Treasury - IRS,,2024-02-16T06:00:24.557Z
No page title,bucvpn.occ.gov,occ.gov,Department of the Treasury,Comptroller of the Currency,,2024-02-16T03:07:45.528Z
No page title,bsaefiling.fincen.treas.gov,treas.gov,Department of the Treasury,Department of the Treasury - DO,,2023-12-07T06:44:14.859Z
No page title,qaf.bms.fiscal.treasury.gov,treasury.gov,Department of the Treasury,Department of the Treasury - OCIO,,2024-02-16T06:41:18.378Z
No page title,vssapi.treasury.gov,treasury.gov,Department of the Treasury,Department of the Treasury - OCIO,,2024-02-16T06:43:03.456Z
No page title,tror.fiscal.treasury.gov,treasury.gov,Department of the Treasury,Department of the Treasury - OCIO,,2023-12-07T05:41:55.195Z
No page title,igt.fiscal.treasury.gov,treasury.gov,Department of the Treasury,Department of the Treasury - OCIO,,2024-02-16T06:42:00.422Z
No page title,bms.fiscal.treasury.gov,treasury.gov,Department of the Treasury,Department of the Treasury - OCIO,,2024-02-16T06:46:07.111Z
No page title,broker-sandbox-api.usaspending.gov,usaspending.gov,Department of the Treasury,Department of the Treasury,,2024-02-16T07:45:52.763Z
No page title,broker-api.usaspending.gov,usaspending.gov,Department of the Treasury,Department of the Treasury,,2024-02-16T07:50:31.210Z
No page title,balancer1.nhtsa.dot.gov,dot.gov,Department of Transportation,Department of Transportation,,2024-02-16T01:42:33.801Z
No page title,fragis.fra.dot.gov,dot.gov,Department of Transportation,Department of Transportation,,2024-02-16T01:47:06.284Z
No page title,portal.phmsa.dot.gov,dot.gov,Department of Transportation,Department of Transportation,,2024-02-16T07:54:58.629Z
No page title,reports.cdan.dot.gov,dot.gov,Department of Transportation,Department of Transportation,,2024-02-16T07:52:33.764Z
No page title,webfcr.faa.gov,faa.gov,Department of Transportation,Federal Aviation Administration,,2024-02-16T05:06:34.790Z
No page title,avsportal.faa.gov,faa.gov,Department of Transportation,Federal Aviation Administration,,2024-02-16T01:10:00.534Z
No page title,niec.npn.faa.gov,faa.gov,Department of Transportation,Federal Aviation Administration,,2023-12-07T02:11:49.368Z
No page title,aep.airports.faa.gov,faa.gov,Department of Transportation,Federal Aviation Administration,,2024-02-16T01:09:17.489Z
No page title,faadronezone.faa.gov,faa.gov,Department of Transportation,Federal Aviation Administration,,2023-12-07T02:05:24.920Z
No page title,waas.faa.gov,faa.gov,Department of Transportation,Federal Aviation Administration,,2024-02-16T04:54:50.672Z
No page title,oaps.faa.gov,faa.gov,Department of Transportation,Federal Aviation Administration,,2024-02-16T01:11:55.526Z
No page title,icsw.nhtsa.gov,nhtsa.gov,Department of Transportation,National Highway Traffic Safety Administration,,2024-02-16T01:02:50.292Z
No page title,eauth.va.gov,va.gov,Department of Veterans Affairs,"Office of Information and Technology, IT Operations and Services (ITOPS)",,2024-02-16T06:16:52.570Z
No page title,survey.voice.va.gov,va.gov,Department of Veterans Affairs,"Office of Information and Technology, IT Operations and Services (ITOPS)",,2024-02-16T02:10:29.613Z
No page title,veteranfeedback.va.gov,va.gov,Department of Veterans Affairs,"Office of Information and Technology, IT Operations and Services (ITOPS)",,2024-02-16T02:11:07.175Z
No page title,sqa.eauth.va.gov,va.gov,Department of Veterans Affairs,"Office of Information and Technology, IT Operations and Services (ITOPS)",,2024-02-16T02:15:01.098Z
No page title,preprod.eauth.va.gov,va.gov,Department of Veterans Affairs,"Office of Information and Technology, IT Operations and Services (ITOPS)",,2024-02-16T06:16:54.584Z
No page title,pint.eauth.va.gov,va.gov,Department of Veterans Affairs,"Office of Information and Technology, IT Operations and Services (ITOPS)",,2024-02-16T08:06:34.905Z
No page title,win.mdm.va.gov,va.gov,Department of Veterans Affairs,"Office of Information and Technology, IT Operations and Services (ITOPS)",,2024-02-16T06:18:02.460Z
No page title,hospitalcompare.va.gov,va.gov,Department of Veterans Affairs,"Office of Information and Technology, IT Operations and Services (ITOPS)",,2024-02-16T08:08:29.170Z
No page title,survey.sbx.voice.va.gov,va.gov,Department of Veterans Affairs,"Office of Information and Technology, IT Operations and Services (ITOPS)",,2024-02-16T06:22:24.239Z
No page title,int.eauth.va.gov,va.gov,Department of Veterans Affairs,"Office of Information and Technology, IT Operations and Services (ITOPS)",,2024-02-16T07:54:54.915Z
No page title,veteransfeedback.va.gov,va.gov,Department of Veterans Affairs,"Office of Information and Technology, IT Operations and Services (ITOPS)",,2024-02-16T08:10:11.075Z
No page title,go.aj.intelink.gov,intelink.gov,Director of National Intelligence,Office of Director of National Intelligence - CIO (ICES),,2024-02-16T04:40:22.965Z
No page title,rssreader.intelink.gov,intelink.gov,Director of National Intelligence,Office of Director of National Intelligence - CIO (ICES),,2024-02-16T05:51:55.465Z
No page title,inteldocs.aj.intelink.gov,intelink.gov,Director of National Intelligence,Office of Director of National Intelligence - CIO (ICES),,2024-02-16T05:53:36.388Z
No page title,ivideo.aj.intelink.gov,intelink.gov,Director of National Intelligence,Office of Director of National Intelligence - CIO (ICES),,2024-02-16T05:54:17.658Z
No page title,www.intelink.gov,intelink.gov,Director of National Intelligence,Office of Director of National Intelligence - CIO (ICES),,2024-02-16T05:54:25.943Z
No page title,web.aj.intelink.gov,intelink.gov,Director of National Intelligence,Office of Director of National Intelligence - CIO (ICES),,2024-02-16T05:58:42.290Z
No page title,intellipedia.aj.intelink.gov,intelink.gov,Director of National Intelligence,Office of Director of National Intelligence - CIO (ICES),,2024-02-16T07:07:57.228Z
No page title,ticketing.aj.intelink.gov,intelink.gov,Director of National Intelligence,Office of Director of National Intelligence - CIO (ICES),,2024-02-16T08:02:26.024Z
No page title,blogs.aj.intelink.gov,intelink.gov,Director of National Intelligence,Office of Director of National Intelligence - CIO (ICES),,2024-02-16T01:11:47.725Z
No page title,rssreader.aj.intelink.gov,intelink.gov,Director of National Intelligence,Office of Director of National Intelligence - CIO (ICES),,2024-02-16T05:53:36.515Z
No page title,blogs.intelink.gov,intelink.gov,Director of National Intelligence,Office of Director of National Intelligence - CIO (ICES),,2024-02-16T05:54:20.870Z
No page title,iimservices.aj.intelink.gov,intelink.gov,Director of National Intelligence,Office of Director of National Intelligence - CIO (ICES),,2024-02-16T05:54:19.997Z
No page title,gallery.intelink.gov,intelink.gov,Director of National Intelligence,Office of Director of National Intelligence - CIO (ICES),,2024-02-16T05:55:23.609Z
No page title,intellipedia.intelink.gov,intelink.gov,Director of National Intelligence,Office of Director of National Intelligence - CIO (ICES),,2024-02-16T05:55:23.762Z
No page title,search.aj.intelink.gov,intelink.gov,Director of National Intelligence,Office of Director of National Intelligence - CIO (ICES),,2024-02-16T05:55:27.133Z
No page title,intelshare.aj.intelink.gov,intelink.gov,Director of National Intelligence,Office of Director of National Intelligence - CIO (ICES),,2024-02-16T05:57:22.851Z
No page title,people.aj.intelink.gov,intelink.gov,Director of National Intelligence,Office of Director of National Intelligence - CIO (ICES),,2024-02-16T05:58:44.700Z
No page title,gallery.aj.intelink.gov,intelink.gov,Director of National Intelligence,Office of Director of National Intelligence - CIO (ICES),,2024-02-16T05:59:10.174Z
No page title,intelshare.intelink.gov,intelink.gov,Director of National Intelligence,Office of Director of National Intelligence - CIO (ICES),,2024-02-16T08:05:12.690Z
No page title,passport.aj.intelink.gov,intelink.gov,Director of National Intelligence,Office of Director of National Intelligence - CIO (ICES),,2024-02-16T04:27:24.598Z
No page title,chirp.intelink.gov,intelink.gov,Director of National Intelligence,Office of Director of National Intelligence - CIO (ICES),,2024-02-16T05:51:47.488Z
No page title,iimweb.aj.intelink.gov,intelink.gov,Director of National Intelligence,Office of Director of National Intelligence - CIO (ICES),,2024-02-16T05:51:49.868Z
No page title,iimservices.intelink.gov,intelink.gov,Director of National Intelligence,Office of Director of National Intelligence - CIO (ICES),,2024-02-16T05:52:47.864Z
No page title,isafe.intelink.gov,intelink.gov,Director of National Intelligence,Office of Director of National Intelligence - CIO (ICES),,2024-02-16T05:55:50.914Z
No page title,inteldocs.intelink.gov,intelink.gov,Director of National Intelligence,Office of Director of National Intelligence - CIO (ICES),,2024-02-16T05:52:47.818Z
No page title,streaming.aj.intelink.gov,intelink.gov,Director of National Intelligence,Office of Director of National Intelligence - CIO (ICES),,2024-02-16T05:54:19.859Z
No page title,ptracker.aj.intelink.gov,intelink.gov,Director of National Intelligence,Office of Director of National Intelligence - CIO (ICES),,2024-02-16T05:56:05.845Z
No page title,digest.aj.intelink.gov,intelink.gov,Director of National Intelligence,Office of Director of National Intelligence - CIO (ICES),,2024-02-16T05:56:51.695Z
No page title,ivideo.intelink.gov,intelink.gov,Director of National Intelligence,Office of Director of National Intelligence - CIO (ICES),,2024-02-16T05:56:55.032Z
No page title,passport.intelink.gov,intelink.gov,Director of National Intelligence,Office of Director of National Intelligence - CIO (ICES),,2024-02-16T05:57:08.180Z
No page title,web.intelink.gov,intelink.gov,Director of National Intelligence,Office of Director of National Intelligence - CIO (ICES),,2024-02-16T05:57:14.570Z
No page title,search.intelink.gov,intelink.gov,Director of National Intelligence,Office of Director of National Intelligence - CIO (ICES),,2024-02-16T05:57:49.025Z
No page title,spsts.aj.intelink.gov,intelink.gov,Director of National Intelligence,Office of Director of National Intelligence - CIO (ICES),,2024-02-16T05:57:56.801Z
No page title,chirp.aj.intelink.gov,intelink.gov,Director of National Intelligence,Office of Director of National Intelligence - CIO (ICES),,2024-02-16T05:58:29.638Z
No page title,analytics.aj.intelink.gov,intelink.gov,Director of National Intelligence,Office of Director of National Intelligence - CIO (ICES),,2024-02-16T05:59:08.848Z
No page title,survey.aj.intelink.gov,intelink.gov,Director of National Intelligence,Office of Director of National Intelligence - CIO (ICES),,2024-02-16T05:59:37.307Z
No page title,downloads.energystar.gov,energystar.gov,Environmental Protection Agency,Environmental Protection Agency,,2024-02-16T02:01:48.700Z
No page title,lasso.epa.gov,epa.gov,Environmental Protection Agency,Environmental Protection Agency,,2024-02-16T01:55:20.637Z
No page title,cfpub.epa.gov,epa.gov,Environmental Protection Agency,Environmental Protection Agency,,2024-02-16T01:53:01.193Z
No page title,cfpub2.epa.gov,epa.gov,Environmental Protection Agency,Environmental Protection Agency,,2024-02-16T02:03:14.407Z
No page title,awseg.dmz.pitc.gov,pitc.gov,Executive Office of the President,Executive Office of the President,,2024-02-16T07:01:32.584Z
No page title,mclvpn.fca.gov,fca.gov,Farm Credit Administration,Office of Information Technology,,2024-02-16T05:04:18.798Z
No page title,sab.fcc.gov,fcc.gov,Federal Communications Commission,Federal Communications Commission,,2024-02-16T04:05:54.628Z
No page title,licensing.fcc.gov,fcc.gov,Federal Communications Commission,Federal Communications Commission,,2024-02-16T05:01:15.518Z
No page title,systrafoss.fcc.gov,fcc.gov,Federal Communications Commission,Federal Communications Commission,,2024-02-16T05:19:54.152Z
No page title,data.fcc.gov,fcc.gov,Federal Communications Commission,Federal Communications Commission,,2024-02-16T02:37:49.622Z
No page title,wireless2.fcc.gov,fcc.gov,Federal Communications Commission,Federal Communications Commission,,2024-02-16T05:12:00.242Z
No page title,rem03.fec.gov,fec.gov,Federal Election Commission,Federal Election Commission,,2024-02-16T01:04:32.622Z
No page title,etariff.ferc.gov,ferc.gov,Federal Energy Regulatory Commission,Federal Energy Regulatory Commission,,2024-02-16T01:47:56.916Z
No page title,vavpn.fhfa.gov,fhfa.gov,Federal Housing Finance Agency,Federal Housing Finance Agency,,2024-02-16T02:34:11.622Z
No page title,work.fhfa.gov,fhfa.gov,Federal Housing Finance Agency,Federal Housing Finance Agency,,2024-02-16T02:37:10.295Z
No page title,dcvpn.fhfa.gov,fhfa.gov,Federal Housing Finance Agency,Federal Housing Finance Agency,,2024-02-16T02:35:07.055Z
No page title,nies.frb.gov,frb.gov,Federal Reserve Board of Governors,Federal Reserve Board of Governors,,2024-02-16T05:23:57.359Z
No page title,importws.consumersentinel.gov,consumersentinel.gov,Federal Trade Commission,Division of Consumer Response & Operations (DCRO),,2024-02-16T03:21:47.016Z
No page title,fedsim.gsa.gov,gsa.gov,General Services Administration,"GSA, IDI, ECAS II",,2024-02-16T02:48:33.218Z
No page title,calc.gsa.gov,gsa.gov,General Services Administration,"GSA, IDI, ECAS II",,2024-02-16T02:51:04.956Z
No page title,topsorder.ftsbilling.gsa.gov,gsa.gov,General Services Administration,"GSA, IDI, ECAS II",,2024-02-16T00:56:49.465Z
No page title,hallways.cap.gsa.gov,gsa.gov,General Services Administration,"GSA, IDI, ECAS II",,2024-02-16T02:56:45.171Z
No page title,discovery.gsa.gov,gsa.gov,General Services Administration,"GSA, IDI, ECAS II",,2024-02-16T02:59:37.665Z
No page title,soa-ext.fas.gsa.gov,gsa.gov,General Services Administration,"GSA, IDI, ECAS II",,2024-02-16T00:38:17.875Z
No page title,extcws.fas.gsa.gov,gsa.gov,General Services Administration,"GSA, IDI, ECAS II",,2024-02-16T02:48:30.844Z
No page title,fmswseb.fas.gsa.gov,gsa.gov,General Services Administration,"GSA, IDI, ECAS II",,2024-02-16T02:52:14.105Z
No page title,fmswsec.fas.gsa.gov,gsa.gov,General Services Administration,"GSA, IDI, ECAS II",,2024-02-16T08:14:33.244Z
No page title,reset.mcc.gov,mcc.gov,Millennium Challenge Corporation,Millennium Challenge Corporation,,2024-02-16T03:57:55.443Z
No page title,vmsfc.russia.nasa.gov,nasa.gov,National Aeronautics and Space Administration,NASA Office of the Chief Information Officer,,2024-02-16T00:27:50.572Z
No page title,forms.nasa.gov,nasa.gov,National Aeronautics and Space Administration,NASA Office of the Chief Information Officer,,2024-02-16T02:55:13.161Z
No page title,glas.wff.nasa.gov,nasa.gov,National Aeronautics and Space Administration,NASA Office of the Chief Information Officer,,2024-02-16T04:17:28.749Z
No page title,l5ftl01.larc.nasa.gov,nasa.gov,National Aeronautics and Space Administration,NASA Office of the Chief Information Officer,,2024-02-16T04:23:14.895Z
No page title,nek.ksc.nasa.gov,nasa.gov,National Aeronautics and Space Administration,NASA Office of the Chief Information Officer,,2024-02-16T04:28:10.201Z
No page title,n2cad.gsfc.nasa.gov,nasa.gov,National Aeronautics and Space Administration,NASA Office of the Chief Information Officer,,2024-02-16T04:28:51.240Z
No page title,mft.jsc.nasa.gov,nasa.gov,National Aeronautics and Space Administration,NASA Office of the Chief Information Officer,,2024-02-16T04:29:46.104Z
No page title,fomel.hosc.msfc.nasa.gov,nasa.gov,National Aeronautics and Space Administration,NASA Office of the Chief Information Officer,,2023-12-07T04:33:24.928Z
No page title,sedwebdev-new.gsfc.nasa.gov,nasa.gov,National Aeronautics and Space Administration,NASA Office of the Chief Information Officer,,2024-02-16T05:56:17.027Z
No page title,tharsis.gsfc.nasa.gov,nasa.gov,National Aeronautics and Space Administration,NASA Office of the Chief Information Officer,,2024-02-16T06:02:24.032Z
No page title,userdocuments.support.nasa.gov,nasa.gov,National Aeronautics and Space Administration,NASA Office of the Chief Information Officer,,2024-02-16T06:19:54.821Z
No page title,topex.wff.nasa.gov,nasa.gov,National Aeronautics and Space Administration,NASA Office of the Chief Information Officer,,2024-02-16T06:23:46.890Z
No page title,parkerdev.gsfc.nasa.gov,nasa.gov,National Aeronautics and Space Administration,NASA Office of the Chief Information Officer,,2024-02-16T07:22:41.708Z
No page title,humanresearchroadmap.nasa.gov,nasa.gov,National Aeronautics and Space Administration,NASA Office of the Chief Information Officer,,2024-02-16T07:38:05.914Z
No page title,nasirf.wff.nasa.gov,nasa.gov,National Aeronautics and Space Administration,NASA Office of the Chief Information Officer,,2024-02-16T08:10:12.061Z
No page title,cad4nasa.gsfc.nasa.gov,nasa.gov,National Aeronautics and Space Administration,NASA Office of the Chief Information Officer,,2024-02-16T04:04:59.204Z
No page title,atm.wff.nasa.gov,nasa.gov,National Aeronautics and Space Administration,NASA Office of the Chief Information Officer,,2024-02-16T04:06:42.498Z
No page title,formmail.grc.nasa.gov,nasa.gov,National Aeronautics and Space Administration,NASA Office of the Chief Information Officer,,2024-02-16T04:11:52.330Z
No page title,icesat-2-scf.gsfc.nasa.gov,nasa.gov,National Aeronautics and Space Administration,NASA Office of the Chief Information Officer,,2024-02-16T04:18:42.375Z
No page title,idn.sit.earthdata.nasa.gov,nasa.gov,National Aeronautics and Space Administration,NASA Office of the Chief Information Officer,,2024-02-16T04:21:57.746Z
No page title,hpde.gsfc.nasa.gov,nasa.gov,National Aeronautics and Space Administration,NASA Office of the Chief Information Officer,,2024-02-16T04:23:31.853Z
No page title,ndkswspubp01.ndc.nasa.gov,nasa.gov,National Aeronautics and Space Administration,NASA Office of the Chief Information Officer,,2024-02-16T04:25:42.717Z
No page title,ndmswspubvip.ndc.nasa.gov,nasa.gov,National Aeronautics and Space Administration,NASA Office of the Chief Information Officer,,2024-02-16T04:29:14.132Z
No page title,sedupdate.gsfc.nasa.gov,nasa.gov,National Aeronautics and Space Administration,NASA Office of the Chief Information Officer,,2024-02-16T04:38:08.608Z
No page title,science.wff.nasa.gov,nasa.gov,National Aeronautics and Space Administration,NASA Office of the Chief Information Officer,,2024-02-16T04:38:57.594Z
No page title,gs674-sep.ccmc.gsfc.nasa.gov,nasa.gov,National Aeronautics and Space Administration,NASA Office of the Chief Information Officer,,2024-02-16T05:04:41.776Z
No page title,lamppz03.gsfc.nasa.gov,nasa.gov,National Aeronautics and Space Administration,NASA Office of the Chief Information Officer,,2024-02-16T05:10:48.199Z
No page title,vjsc.russia.nasa.gov,nasa.gov,National Aeronautics and Space Administration,NASA Office of the Chief Information Officer,,2024-02-16T06:06:28.515Z
No page title,supplierportal.jpl.nasa.gov,nasa.gov,National Aeronautics and Space Administration,NASA Office of the Chief Information Officer,,2024-02-16T06:10:19.573Z
No page title,dml.msfc.nasa.gov,nasa.gov,National Aeronautics and Space Administration,NASA Office of the Chief Information Officer,,2024-02-16T06:12:34.395Z
No page title,coastal.wff.nasa.gov,nasa.gov,National Aeronautics and Space Administration,NASA Office of the Chief Information Officer,,2024-02-16T04:07:42.532Z
No page title,science-cv.gsfc.nasa.gov,nasa.gov,National Aeronautics and Space Administration,NASA Office of the Chief Information Officer,,2024-02-16T04:08:54.137Z
No page title,icis.jpl.nasa.gov,nasa.gov,National Aeronautics and Space Administration,NASA Office of the Chief Information Officer,,2024-02-16T04:23:09.933Z
No page title,lamppz02.gsfc.nasa.gov,nasa.gov,National Aeronautics and Space Administration,NASA Office of the Chief Information Officer,,2024-02-16T04:23:43.719Z
No page title,oedc.nasa.gov,nasa.gov,National Aeronautics and Space Administration,NASA Office of the Chief Information Officer,,2024-02-16T04:31:50.557Z
No page title,seecdev.gsfc.nasa.gov,nasa.gov,National Aeronautics and Space Administration,NASA Office of the Chief Information Officer,,2024-02-16T04:42:51.283Z
No page title,qaexternal.jpl.nasa.gov,nasa.gov,National Aeronautics and Space Administration,NASA Office of the Chief Information Officer,,2024-02-16T04:45:15.905Z
No page title,sedwebtest-new.gsfc.nasa.gov,nasa.gov,National Aeronautics and Space Administration,NASA Office of the Chief Information Officer,,2024-02-16T05:55:29.870Z
No page title,ndmswspubvipt.ndc.nasa.gov,nasa.gov,National Aeronautics and Space Administration,NASA Office of the Chief Information Officer,,2024-02-16T06:10:59.702Z
No page title,uairp.wff.nasa.gov,nasa.gov,National Aeronautics and Space Administration,NASA Office of the Chief Information Officer,,2024-02-16T00:25:25.063Z
No page title,hdrl.gsfc.nasa.gov,nasa.gov,National Aeronautics and Space Administration,NASA Office of the Chief Information Officer,,2024-02-16T04:19:05.280Z
No page title,landslides.nasa.gov,nasa.gov,National Aeronautics and Space Administration,NASA Office of the Chief Information Officer,,2024-02-16T04:24:12.296Z
No page title,sep.ccmc.gsfc.nasa.gov,nasa.gov,National Aeronautics and Space Administration,NASA Office of the Chief Information Officer,,2024-02-16T04:43:20.987Z
No page title,airsnrt.jpl.nasa.gov,nasa.gov,National Aeronautics and Space Administration,NASA Office of the Chief Information Officer,,2024-02-16T04:44:33.777Z
No page title,esb.nasa.gov,nasa.gov,National Aeronautics and Space Administration,NASA Office of the Chief Information Officer,,2024-02-16T04:51:44.770Z
No page title,cain.larc.nasa.gov,nasa.gov,National Aeronautics and Space Administration,NASA Office of the Chief Information Officer,,2024-02-16T04:55:07.614Z
No page title,solarsystem1.jpl.nasa.gov,nasa.gov,National Aeronautics and Space Administration,NASA Office of the Chief Information Officer,,2024-02-16T04:55:57.090Z
No page title,ndkswspubvip.ndc.nasa.gov,nasa.gov,National Aeronautics and Space Administration,NASA Office of the Chief Information Officer,,2024-02-16T05:04:15.684Z
No page title,airsnrt2.jpl.nasa.gov,nasa.gov,National Aeronautics and Space Administration,NASA Office of the Chief Information Officer,,2024-02-16T05:21:00.434Z
No page title,eoimages2.gsfc.nasa.gov,nasa.gov,National Aeronautics and Space Administration,NASA Office of the Chief Information Officer,,2024-02-16T05:59:20.920Z
No page title,gfo.wff.nasa.gov,nasa.gov,National Aeronautics and Space Administration,NASA Office of the Chief Information Officer,,2024-02-16T08:08:04.543Z
No page title,coldatomlab.jpl.nasa.gov,nasa.gov,National Aeronautics and Space Administration,NASA Office of the Chief Information Officer,,2024-02-16T08:37:30.810Z
No page title,petitions.obamawhitehouse.archives.gov,archives.gov,National Archives and Records Administration,National Archives and Records Administration,,2024-02-16T00:32:08.588Z
No page title,petitions.obamawhitehouse.gov,obamawhitehouse.gov,National Archives and Records Administration,National Archives and Records Administration,,2024-02-16T08:09:54.515Z
No page title,swebapps.ncua.gov,ncua.gov,National Credit Union Administration,National Credit Union Administration,,2024-02-16T00:25:09.891Z
No page title,apps.nea.gov,nea.gov,National Endowment for the Arts,Office of Information and Technology Management,,2024-02-16T00:35:55.199Z
No page title,www.nlrb.gov,nlrb.gov,National Labor Relations Board,National Labor Relations Board,,2024-02-16T05:34:19.662Z
No page title,nlrb.gov,nlrb.gov,National Labor Relations Board,National Labor Relations Board,,2024-02-16T05:34:46.063Z
No page title,nmb.gov,nmb.gov,National Mediation Board,National Mediation Board,,2023-12-07T04:35:51.558Z
No page title,knowledgestore.nmb.gov,nmb.gov,National Mediation Board,National Mediation Board,,2023-12-07T04:38:43.056Z
No page title,www.nmb.gov,nmb.gov,National Mediation Board,National Mediation Board,,2023-12-07T04:35:53.824Z
No page title,den-gw.usap.gov,usap.gov,National Science Foundation,"National Science Foundation, Office of Polar Programs",,2024-02-16T08:06:10.377Z
No page title,data.ntsb.gov,ntsb.gov,National Transportation Safety Board,National Transportation Safety Board,,2024-02-16T06:16:26.909Z
No page title,extapps2.oge.gov,oge.gov,Office of Government Ethics,Office of Government Ethics,,2024-02-16T03:16:47.769Z
No page title,escs.opm.gov,opm.gov,Office of Personnel Management,Office Of Personnel Management,,2024-02-16T03:49:55.781Z
No page title,awseg.sec.gov,sec.gov,Securities and Exchange Commission,Network Operations Branch,,2024-02-16T06:25:18.876Z
No page title,lsid.itis.gov,itis.gov,Smithsonian Institution,Smithsonian Institution,,2024-02-16T05:59:35.447Z
No page title,lsid-beta.itis.gov,itis.gov,Smithsonian Institution,Smithsonian Institution,,2024-02-16T01:08:21.659Z
No page title,provider.tva.gov,tva.gov,Tennessee Valley Authority,TVA IT,,2024-02-16T06:43:50.365Z
No page title,mypowera.tva.gov,tva.gov,Tennessee Valley Authority,TVA IT,,2024-02-16T06:50:27.298Z
No page title,todaya.tva.gov,tva.gov,Tennessee Valley Authority,TVA IT,,2024-02-16T06:47:11.212Z
No page title,dfafacts.gov,dfafacts.gov,U.S. Agency for International Development,Office of the Director of U.S. Foreign Assistance,,2024-02-16T04:43:43.785Z
No page title,www.dfafacts.gov,dfafacts.gov,U.S. Agency for International Development,Office of the Director of U.S. Foreign Assistance,,2024-02-16T04:46:07.572Z
No page title,ngtest.dfafacts.gov,dfafacts.gov,U.S. Agency for International Development,Office of the Director of U.S. Foreign Assistance,,2024-02-16T04:52:03.203Z
No page title,nextgen.dfafacts.gov,dfafacts.gov,U.S. Agency for International Development,Office of the Director of U.S. Foreign Assistance,,2024-02-16T04:39:54.519Z
No page title,usaidinfotest.usaid.gov,usaid.gov,U.S. Agency for International Development,M/CIO,,2024-02-16T06:50:26.318Z
No page title,usaidinfo.usaid.gov,usaid.gov,U.S. Agency for International Development,M/CIO,,2024-02-16T06:49:46.397Z
No page title,onlinetraining.nwcg.gov,nwcg.gov,U.S. Department of Agriculture,National Wildfire Coordinating Group,,2024-02-16T03:02:36.669Z
No page title,eistest.nwcg.gov,nwcg.gov,U.S. Department of Agriculture,National Wildfire Coordinating Group,,2024-02-16T06:07:26.113Z
No page title,esis.sc.egov.usda.gov,usda.gov,U.S. Department of Agriculture,U.S. Department of Agriculture,,2024-02-16T01:20:31.385Z
No page title,geoservices.sc.egov.usda.gov,usda.gov,U.S. Department of Agriculture,U.S. Department of Agriculture,,2024-02-16T01:22:42.790Z
No page title,public.rma.usda.gov,usda.gov,U.S. Department of Agriculture,U.S. Department of Agriculture,,2024-02-16T01:24:13.731Z
No page title,nasis.sc.egov.usda.gov,usda.gov,U.S. Department of Agriculture,U.S. Department of Agriculture,,2024-02-16T01:29:20.567Z
No page title,soilseriesdesc.sc.egov.usda.gov,usda.gov,U.S. Department of Agriculture,U.S. Department of Agriculture,,2024-02-16T01:30:42.862Z
No page title,trn.insight.edc.usda.gov,usda.gov,U.S. Department of Agriculture,U.S. Department of Agriculture,,2024-02-16T01:48:34.068Z
No page title,efotg.nrcs.usda.gov,usda.gov,U.S. Department of Agriculture,U.S. Department of Agriculture,,2024-02-16T01:16:00.709Z
No page title,dts.fsa.usda.gov,usda.gov,U.S. Department of Agriculture,U.S. Department of Agriculture,,2024-02-16T01:16:47.663Z
No page title,ffavorsrpt.edc.usda.gov,usda.gov,U.S. Department of Agriculture,U.S. Department of Agriculture,,2024-02-16T01:25:04.699Z
No page title,esi.sc.egov.usda.gov,usda.gov,U.S. Department of Agriculture,U.S. Department of Agriculture,,2024-02-16T01:26:17.582Z
No page title,nestservices.sc.egov.usda.gov,usda.gov,U.S. Department of Agriculture,U.S. Department of Agriculture,,2024-02-16T01:27:14.692Z
No page title,ssldata.sc.egov.usda.gov,usda.gov,U.S. Department of Agriculture,U.S. Department of Agriculture,,2024-02-16T01:30:44.977Z
No page title,sdmreportmanager.sc.egov.usda.gov,usda.gov,U.S. Department of Agriculture,U.S. Department of Agriculture,,2024-02-16T01:35:39.947Z
No page title,sparc.usda.gov,usda.gov,U.S. Department of Agriculture,U.S. Department of Agriculture,,2023-12-07T06:41:53.131Z
No page title,wcis.sc.egov.usda.gov,usda.gov,U.S. Department of Agriculture,U.S. Department of Agriculture,,2024-02-16T01:59:19.251Z
No page title,snapqcs.fns.usda.gov,usda.gov,U.S. Department of Agriculture,U.S. Department of Agriculture,,2024-02-16T07:04:45.626Z
No page title,ffsru.usda.gov,usda.gov,U.S. Department of Agriculture,U.S. Department of Agriculture,,2023-12-07T05:58:03.766Z
No page title,train.nfc.usda.gov,usda.gov,U.S. Department of Agriculture,U.S. Department of Agriculture,,2024-02-16T01:45:35.591Z
No page title,ffavors.edc.usda.gov,usda.gov,U.S. Department of Agriculture,U.S. Department of Agriculture,,2024-02-16T01:21:58.114Z
No page title,pix.sc.egov.usda.gov,usda.gov,U.S. Department of Agriculture,U.S. Department of Agriculture,,2024-02-16T01:25:05.681Z
No page title,partnerweb16dev.usda.gov,usda.gov,U.S. Department of Agriculture,U.S. Department of Agriculture,,2024-02-16T01:26:39.483Z
No page title,maps.aphis.usda.gov,usda.gov,U.S. Department of Agriculture,U.S. Department of Agriculture,,2024-02-16T01:27:07.366Z
No page title,nrcsgeodata.sc.egov.usda.gov,usda.gov,U.S. Department of Agriculture,U.S. Department of Agriculture,,2024-02-16T01:28:59.705Z
No page title,plantpathology.ba.ars.usda.gov,usda.gov,U.S. Department of Agriculture,U.S. Department of Agriculture,,2024-02-16T01:29:50.748Z
No page title,ssldata.nrcs.usda.gov,usda.gov,U.S. Department of Agriculture,U.S. Department of Agriculture,,2024-02-16T01:30:00.450Z
No page title,wcc.sc.egov.usda.gov,usda.gov,U.S. Department of Agriculture,U.S. Department of Agriculture,,2024-02-16T01:58:36.869Z
No page title,prodwebnlb.rma.usda.gov,usda.gov,U.S. Department of Agriculture,U.S. Department of Agriculture,,2024-02-16T08:56:01.710Z
No page title,ussemiquincentennial.gov,ussemiquincentennial.gov,U.S. Semiquincentennial Commission,United States Semiquincentennial Commission,,2024-02-16T02:05:33.221Z
No page title,www.ussemiquincentennial.gov,ussemiquincentennial.gov,U.S. Semiquincentennial Commission,United States Semiquincentennial Commission,,2024-02-16T07:27:16.686Z
No page title,vpn2.abilityone.gov,abilityone.gov,United States AbilityOne,Committee for Purchase From People Who Are Blind or Severely Disabled,,2024-02-16T00:27:20.894Z
No page title,scenarios.globalchange.gov,globalchange.gov,United States Global Change Research Program,U.S. Global Change Research Program,,2024-02-16T04:34:08.752Z
No page title,www.usip.gov,usip.gov,United States Institute of Peace,GSA/United States Institute of Peace,,2024-02-16T02:46:32.486Z
No page title,usip.gov,usip.gov,United States Institute of Peace,GSA/United States Institute of Peace,,2024-02-16T07:50:19.312Z
No page title,iras.uspis.gov,uspis.gov,United States Postal Service,U.S. Postal Service,,2024-02-16T01:47:29.718Z
No page title,sakdot.usps.gov,usps.gov,United States Postal Service,U.S. Postal Service,,2024-02-16T07:38:41.678Z