url,df1_primaryScanStatus,df2_primaryScanStatus,df3_primaryScanStatus,df4_primaryScanStatus,df5_primaryScanStatus,df6_primaryScanStatus,df7_primaryScanStatus,df8_primaryScanStatus,df9_primaryScanStatus
soarproto.airports.faa.gov,execution_context_destroyed,execution_context_destroyed,execution_context_destroyed,execution_context_destroyed,execution_context_destroyed,execution_context_destroyed,execution_context_destroyed,execution_context_destroyed,execution_context_destroyed
asap.gov,execution_context_destroyed,execution_context_destroyed,execution_context_destroyed,execution_context_destroyed,execution_context_destroyed,execution_context_destroyed,execution_context_destroyed,execution_context_destroyed,execution_context_destroyed
nasatoms.gsfc.nasa.gov,execution_context_destroyed,execution_context_destroyed,completed,execution_context_destroyed,execution_context_destroyed,execution_context_destroyed,execution_context_destroyed,execution_context_destroyed,execution_context_destroyed
esp-ebz-ext-wc-f5.lanl.gov,execution_context_destroyed,execution_context_destroyed,execution_context_destroyed,execution_context_destroyed,execution_context_destroyed,execution_context_destroyed,execution_context_destroyed,execution_context_destroyed,execution_context_destroyed
wellnessnews.ors.nih.gov,execution_context_destroyed,execution_context_destroyed,execution_context_destroyed,execution_context_destroyed,execution_context_destroyed,completed,completed,completed,completed
kurage.nimh.nih.gov,execution_context_destroyed,execution_context_destroyed,completed,execution_context_destroyed,execution_context_destroyed,execution_context_destroyed,execution_context_destroyed,execution_context_destroyed,execution_context_destroyed
www.its.gov,execution_context_destroyed,execution_context_destroyed,execution_context_destroyed,completed,execution_context_destroyed,execution_context_destroyed,execution_context_destroyed,execution_context_destroyed,execution_context_destroyed
listserv.osc.gov,execution_context_destroyed,execution_context_destroyed,completed,completed,execution_context_destroyed,completed,completed,completed,completed
needs.nih.gov,execution_context_destroyed,unknown_error,execution_context_destroyed,execution_context_destroyed,execution_context_destroyed,execution_context_destroyed,execution_context_destroyed,completed,execution_context_destroyed
awsdemo.grantsolutions.gov,execution_context_destroyed,unknown_error,execution_context_destroyed,execution_context_destroyed,unknown_error,unknown_error,execution_context_destroyed,execution_context_destroyed,completed
cdxapps.epa.gov,execution_context_destroyed,execution_context_destroyed,completed,completed,execution_context_destroyed,execution_context_destroyed,execution_context_destroyed,completed,execution_context_destroyed
srs.ntis.gov,execution_context_destroyed,completed,execution_context_destroyed,unknown_error,completed,completed,execution_context_destroyed,execution_context_destroyed,execution_context_destroyed
oip.sc.egov.usda.gov,execution_context_destroyed,execution_context_destroyed,unknown_error,execution_context_destroyed,completed,execution_context_destroyed,execution_context_destroyed,execution_context_destroyed,execution_context_destroyed
radnet.epa.gov,execution_context_destroyed,execution_context_destroyed,completed,execution_context_destroyed,execution_context_destroyed,execution_context_destroyed,execution_context_destroyed,execution_context_destroyed,completed
doc-archer.csp.noaa.gov,execution_context_destroyed,completed,execution_context_destroyed,execution_context_destroyed,completed,completed,execution_context_destroyed,execution_context_destroyed,completed
confluence.ccs.ornl.gov,execution_context_destroyed,execution_context_destroyed,completed,execution_context_destroyed,execution_context_destroyed,completed,execution_context_destroyed,execution_context_destroyed,execution_context_destroyed
usda.empowhr.gov,execution_context_destroyed,execution_context_destroyed,completed,execution_context_destroyed,execution_context_destroyed,execution_context_destroyed,execution_context_destroyed,execution_context_destroyed,execution_context_destroyed
myitsm.nih.gov,execution_context_destroyed,completed,execution_context_destroyed,execution_context_destroyed,execution_context_destroyed,execution_context_destroyed,execution_context_destroyed,execution_context_destroyed,execution_context_destroyed
uat1-cm.ems.eosdis.nasa.gov,execution_context_destroyed,execution_context_destroyed,execution_context_destroyed,unknown_error,execution_context_destroyed,completed,unknown_error,unknown_error,unknown_error
macprotest0.cms.gov,execution_context_destroyed,execution_context_destroyed,execution_context_destroyed,completed,execution_context_destroyed,execution_context_destroyed,completed,execution_context_destroyed,execution_context_destroyed
entptest.hud.gov,execution_context_destroyed,dns_resolution_error,dns_resolution_error,dns_resolution_error,dns_resolution_error,completed,execution_context_destroyed,execution_context_destroyed,execution_context_destroyed
researchtoreality.cancer.gov,execution_context_destroyed,execution_context_destroyed,execution_context_destroyed,execution_context_destroyed,execution_context_destroyed,execution_context_destroyed,execution_context_destroyed,execution_context_destroyed,execution_context_destroyed
university.usaid.gov,execution_context_destroyed,completed,execution_context_destroyed,execution_context_destroyed,execution_context_destroyed,completed,execution_context_destroyed,completed,execution_context_destroyed
ep.jpl.nasa.gov,execution_context_destroyed,unknown_error,completed,unknown_error,execution_context_destroyed,unknown_error,unknown_error,execution_context_destroyed,execution_context_destroyed
search.cdc.gov,execution_context_destroyed,execution_context_destroyed,execution_context_destroyed,execution_context_destroyed,execution_context_destroyed,execution_context_destroyed,execution_context_destroyed,execution_context_destroyed,execution_context_destroyed
qac.treaslockbox.gov,execution_context_destroyed,completed,execution_context_destroyed,execution_context_destroyed,execution_context_destroyed,unknown_error,execution_context_destroyed,execution_context_destroyed,execution_context_destroyed
outrage.ca.sandia.gov,execution_context_destroyed,completed,execution_context_destroyed,unknown_error,timeout,timeout,execution_context_destroyed,unknown_error,timeout
nccd.cdc.gov,execution_context_destroyed,execution_context_destroyed,execution_context_destroyed,execution_context_destroyed,execution_context_destroyed,execution_context_destroyed,execution_context_destroyed,execution_context_destroyed,execution_context_destroyed
ida.water.usgs.gov,execution_context_destroyed,execution_context_destroyed,execution_context_destroyed,unknown_error,execution_context_destroyed,completed,execution_context_destroyed,execution_context_destroyed,execution_context_destroyed
forms.gov,execution_context_destroyed,execution_context_destroyed,execution_context_destroyed,execution_context_destroyed,execution_context_destroyed,completed,execution_context_destroyed,execution_context_destroyed,completed
kauai.ccmc.gsfc.nasa.gov,execution_context_destroyed,completed,completed,completed,execution_context_destroyed,execution_context_destroyed,execution_context_destroyed,execution_context_destroyed,execution_context_destroyed
venus.grantsolutions.gov,execution_context_destroyed,execution_context_destroyed,execution_context_destroyed,execution_context_destroyed,unknown_error,unknown_error,unknown_error,unknown_error,unknown_error
www.ncep.noaa.gov,execution_context_destroyed,execution_context_destroyed,execution_context_destroyed,execution_context_destroyed,execution_context_destroyed,execution_context_destroyed,execution_context_destroyed,execution_context_destroyed,execution_context_destroyed
fpdss.fws.gov,execution_context_destroyed,execution_context_destroyed,execution_context_destroyed,execution_context_destroyed,execution_context_destroyed,execution_context_destroyed,execution_context_destroyed,execution_context_destroyed,execution_context_destroyed
remoteiptv.cdc.gov,execution_context_destroyed,execution_context_destroyed,unknown_error,execution_context_destroyed,execution_context_destroyed,unknown_error,execution_context_destroyed,completed,execution_context_destroyed
ecos-training.fws.gov,execution_context_destroyed,execution_context_destroyed,execution_context_destroyed,execution_context_destroyed,execution_context_destroyed,execution_context_destroyed,execution_context_destroyed,execution_context_destroyed,execution_context_destroyed
medalofvalor.gov,execution_context_destroyed,execution_context_destroyed,execution_context_destroyed,execution_context_destroyed,execution_context_destroyed,execution_context_destroyed,execution_context_destroyed,execution_context_destroyed,completed
ops1-cm.ems.eosdis.nasa.gov,execution_context_destroyed,unknown_error,unknown_error,unknown_error,execution_context_destroyed,completed,unknown_error,unknown_error,unknown_error
finance.ocfo.gsa.gov,execution_context_destroyed,execution_context_destroyed,execution_context_destroyed,execution_context_destroyed,execution_context_destroyed,unknown_error,execution_context_destroyed,execution_context_destroyed,execution_context_destroyed
review.rcfl.gov,execution_context_destroyed,execution_context_destroyed,execution_context_destroyed,execution_context_destroyed,execution_context_destroyed,execution_context_destroyed,execution_context_destroyed,execution_context_destroyed,execution_context_destroyed
tankcar.bts.gov,execution_context_destroyed,completed,execution_context_destroyed,unknown_error,execution_context_destroyed,execution_context_destroyed,execution_context_destroyed,completed,unknown_error
eden.ed.gov,execution_context_destroyed,execution_context_destroyed,execution_context_destroyed,unknown_error,unknown_error,execution_context_destroyed,unknown_error,unknown_error,unknown_error
lists.bnl.gov,execution_context_destroyed,completed,execution_context_destroyed,unknown_error,execution_context_destroyed,execution_context_destroyed,execution_context_destroyed,execution_context_destroyed,execution_context_destroyed
ssco.gsfc.nasa.gov,execution_context_destroyed,completed,completed,timeout,execution_context_destroyed,completed,completed,completed,completed
apply.fbijobs.gov,execution_context_destroyed,execution_context_destroyed,execution_context_destroyed,execution_context_destroyed,execution_context_destroyed,execution_context_destroyed,execution_context_destroyed,execution_context_destroyed,completed
dmcseddebt.ed.gov,execution_context_destroyed,completed,unknown_error,completed,completed,completed,unknown_error,unknown_error,unknown_error
iswa.ccmc.gsfc.nasa.gov,execution_context_destroyed,completed,completed,execution_context_destroyed,execution_context_destroyed,unknown_error,execution_context_destroyed,completed,execution_context_destroyed
spaceflight.nasa.gov,execution_context_destroyed,execution_context_destroyed,execution_context_destroyed,execution_context_destroyed,execution_context_destroyed,execution_context_destroyed,execution_context_destroyed,completed,execution_context_destroyed
idserv.cpsc.gov,execution_context_destroyed,execution_context_destroyed,execution_context_destroyed,completed,execution_context_destroyed,execution_context_destroyed,execution_context_destroyed,completed,execution_context_destroyed
gsaadvantage.gov,execution_context_destroyed,execution_context_destroyed,execution_context_destroyed,execution_context_destroyed,execution_context_destroyed,execution_context_destroyed,execution_context_destroyed,completed,execution_context_destroyed
userfees.fda.gov,execution_context_destroyed,completed,execution_context_destroyed,execution_context_destroyed,execution_context_destroyed,execution_context_destroyed,execution_context_destroyed,execution_context_destroyed,execution_context_destroyed
fpds.gov,execution_context_destroyed,execution_context_destroyed,completed,execution_context_destroyed,execution_context_destroyed,completed,execution_context_destroyed,execution_context_destroyed,execution_context_destroyed
webserver1.ccmc.gsfc.nasa.gov,execution_context_destroyed,completed,execution_context_destroyed,execution_context_destroyed,completed,completed,completed,unknown_error,execution_context_destroyed
cadsr.cancer.gov,execution_context_destroyed,execution_context_destroyed,completed,execution_context_destroyed,unknown_error,execution_context_destroyed,execution_context_destroyed,execution_context_destroyed,execution_context_destroyed
xlinux.nist.gov,execution_context_destroyed,execution_context_destroyed,completed,completed,completed,completed,completed,completed,completed
alert.fns.usda.gov,execution_context_destroyed,execution_context_destroyed,execution_context_destroyed,unknown_error,unknown_error,execution_context_destroyed,unknown_error,completed,completed
oerstaff.od.nih.gov,execution_context_destroyed,completed,execution_context_destroyed,execution_context_destroyed,execution_context_destroyed,execution_context_destroyed,execution_context_destroyed,unknown_error,execution_context_destroyed
learner.pnl.gov,execution_context_destroyed,execution_context_destroyed,execution_context_destroyed,execution_context_destroyed,execution_context_destroyed,execution_context_destroyed,execution_context_destroyed,execution_context_destroyed,execution_context_destroyed
search-origin.cdc.gov,execution_context_destroyed,execution_context_destroyed,execution_context_destroyed,execution_context_destroyed,execution_context_destroyed,execution_context_destroyed,execution_context_destroyed,execution_context_destroyed,execution_context_destroyed
seagull.epa.gov,execution_context_destroyed,unknown_error,execution_context_destroyed,completed,execution_context_destroyed,unknown_error,completed,execution_context_destroyed,execution_context_destroyed
sseos.lbl.gov,execution_context_destroyed,execution_context_destroyed,execution_context_destroyed,completed,execution_context_destroyed,execution_context_destroyed,execution_context_destroyed,execution_context_destroyed,execution_context_destroyed
usmcservmart.gsa.gov,execution_context_destroyed,execution_context_destroyed,execution_context_destroyed,execution_context_destroyed,execution_context_destroyed,execution_context_destroyed,execution_context_destroyed,execution_context_destroyed,execution_context_destroyed
hekili.ca.sandia.gov,execution_context_destroyed,execution_context_destroyed,timeout,unknown_error,unknown_error,unknown_error,unknown_error,unknown_error,unknown_error
armwsdemo.grantsolutions.gov,execution_context_destroyed,execution_context_destroyed,execution_context_destroyed,unknown_error,unknown_error,unknown_error,unknown_error,unknown_error,unknown_error
ecos.fws.gov,execution_context_destroyed,execution_context_destroyed,execution_context_destroyed,execution_context_destroyed,execution_context_destroyed,execution_context_destroyed,execution_context_destroyed,execution_context_destroyed,execution_context_destroyed
ksn2.faa.gov,execution_context_destroyed,timeout,timeout,execution_context_destroyed,execution_context_destroyed,execution_context_destroyed,unknown_error,execution_context_destroyed,execution_context_destroyed
pcit.aphis.usda.gov,execution_context_destroyed,execution_context_destroyed,execution_context_destroyed,execution_context_destroyed,unknown_error,unknown_error,execution_context_destroyed,unknown_error,unknown_error
its.gov,execution_context_destroyed,execution_context_destroyed,execution_context_destroyed,execution_context_destroyed,execution_context_destroyed,execution_context_destroyed,completed,execution_context_destroyed,execution_context_destroyed
www.asap.gov,execution_context_destroyed,execution_context_destroyed,execution_context_destroyed,completed,execution_context_destroyed,execution_context_destroyed,execution_context_destroyed,execution_context_destroyed,execution_context_destroyed
efile.fara.gov,execution_context_destroyed,execution_context_destroyed,completed,completed,unknown_error,execution_context_destroyed,execution_context_destroyed,completed,completed
waterfowlsurveys.fws.gov,execution_context_destroyed,completed,completed,execution_context_destroyed,execution_context_destroyed,completed,completed,completed,completed
omh.hhs.gov,execution_context_destroyed,unknown_error,unknown_error,unknown_error,completed,unknown_error,unknown_error,unknown_error,unknown_error
lakeinfo.tva.gov,execution_context_destroyed,execution_context_destroyed,execution_context_destroyed,execution_context_destroyed,execution_context_destroyed,execution_context_destroyed,execution_context_destroyed,completed,completed
igt.fiscal.treasury.gov,execution_context_destroyed,execution_context_destroyed,unknown_error,unknown_error,execution_context_destroyed,execution_context_destroyed,execution_context_destroyed,execution_context_destroyed,completed
bms.fiscal.treasury.gov,execution_context_destroyed,execution_context_destroyed,execution_context_destroyed,execution_context_destroyed,execution_context_destroyed,execution_context_destroyed,execution_context_destroyed,execution_context_destroyed,execution_context_destroyed
oldc.grantsolutions.gov,execution_context_destroyed,completed,completed,execution_context_destroyed,completed,execution_context_destroyed,completed,execution_context_destroyed,completed
www.ama.gov,execution_context_destroyed,execution_context_destroyed,execution_context_destroyed,completed,execution_context_destroyed,execution_context_destroyed,execution_context_destroyed,execution_context_destroyed,execution_context_destroyed
iswa.gsfc.nasa.gov,execution_context_destroyed,completed,execution_context_destroyed,completed,execution_context_destroyed,completed,execution_context_destroyed,completed,execution_context_destroyed
shemesh.larc.nasa.gov,execution_context_destroyed,execution_context_destroyed,completed,execution_context_destroyed,execution_context_destroyed,execution_context_destroyed,execution_context_destroyed,execution_context_destroyed,execution_context_destroyed
mars.ams.usda.gov,execution_context_destroyed,execution_context_destroyed,execution_context_destroyed,http2_error,execution_context_destroyed,execution_context_destroyed,execution_context_destroyed,execution_context_destroyed,execution_context_destroyed
currencyreaderapplication.gov,execution_context_destroyed,execution_context_destroyed,unknown_error,unknown_error,unknown_error,unknown_error,unknown_error,unknown_error,unknown_error
ecos-beta.fws.gov,execution_context_destroyed,execution_context_destroyed,execution_context_destroyed,completed,execution_context_destroyed,execution_context_destroyed,execution_context_destroyed,execution_context_destroyed,execution_context_destroyed
igo.faa.gov,execution_context_destroyed,completed,completed,completed,completed,completed,execution_context_destroyed,completed,completed
servicedesk.edc.usda.gov,execution_context_destroyed,execution_context_destroyed,execution_context_destroyed,execution_context_destroyed,execution_context_destroyed,execution_context_destroyed,execution_context_destroyed,execution_context_destroyed,execution_context_destroyed
library.doi.gov,execution_context_destroyed,execution_context_destroyed,execution_context_destroyed,execution_context_destroyed,execution_context_destroyed,execution_context_destroyed,execution_context_destroyed,execution_context_destroyed,execution_context_destroyed
macproval0.cms.gov,execution_context_destroyed,completed,completed,completed,completed,completed,completed,completed,execution_context_destroyed
apps.bea.gov,execution_context_destroyed,completed,execution_context_destroyed,completed,completed,completed,execution_context_destroyed,completed,completed
grantsolutions.gov,execution_context_destroyed,completed,completed,completed,completed,completed,execution_context_destroyed,execution_context_destroyed,completed
macprotest1.cms.gov,execution_context_destroyed,completed,completed,completed,execution_context_destroyed,completed,execution_context_destroyed,completed,completed
my-beta.usgs.gov,execution_context_destroyed,completed,completed,execution_context_destroyed,completed,unknown_error,completed,completed,completed
pub-lib.jpl.nasa.gov,execution_context_destroyed,execution_context_destroyed,execution_context_destroyed,completed,execution_context_destroyed,execution_context_destroyed,execution_context_destroyed,execution_context_destroyed,completed
fis.fws.gov,execution_context_destroyed,execution_context_destroyed,execution_context_destroyed,execution_context_destroyed,execution_context_destroyed,execution_context_destroyed,execution_context_destroyed,execution_context_destroyed,execution_context_destroyed
dctdextranet.cancer.gov,execution_context_destroyed,unknown_error,unknown_error,unknown_error,completed,unknown_error,unknown_error,unknown_error,unknown_error
cism.cap.gov,execution_context_destroyed,unknown_error,unknown_error,unknown_error,unknown_error,unknown_error,execution_context_destroyed,unknown_error,execution_context_destroyed
orr.noaa.gov,execution_context_destroyed,unknown_error,execution_context_destroyed,execution_context_destroyed,execution_context_destroyed,execution_context_destroyed,execution_context_destroyed,execution_context_destroyed,execution_context_destroyed
pcornomination.ahrq.gov,execution_context_destroyed,unknown_error,completed,completed,completed,completed,completed,completed,completed
oldcvns.grantsolutions.gov,execution_context_destroyed,execution_context_destroyed,execution_context_destroyed,execution_context_destroyed,unknown_error,unknown_error,unknown_error,unknown_error,unknown_error
fsa-fms.ed.gov,execution_context_destroyed,execution_context_destroyed,execution_context_destroyed,execution_context_destroyed,execution_context_destroyed,execution_context_destroyed,completed,execution_context_destroyed,completed
gsaglobalsupply.gsa.gov,execution_context_destroyed,execution_context_destroyed,execution_context_destroyed,execution_context_destroyed,execution_context_destroyed,execution_context_destroyed,execution_context_destroyed,execution_context_destroyed,execution_context_destroyed
coastal.vawg.cap.gov,execution_context_destroyed,unknown_error,unknown_error,unknown_error,unknown_error,unknown_error,unknown_error,unknown_error,unknown_error
signup.ssa.gov,execution_context_destroyed,execution_context_destroyed,execution_context_destroyed,completed,execution_context_destroyed,execution_context_destroyed,execution_context_destroyed,completed,completed
rnc.lbl.gov,execution_context_destroyed,execution_context_destroyed,execution_context_destroyed,execution_context_destroyed,execution_context_destroyed,execution_context_destroyed,execution_context_destroyed,execution_context_destroyed,execution_context_destroyed
lymphochip.nih.gov,execution_context_destroyed,execution_context_destroyed,unknown_error,execution_context_destroyed,execution_context_destroyed,completed,execution_context_destroyed,execution_context_destroyed,execution_context_destroyed
pwm.grantsolutions.gov,execution_context_destroyed,execution_context_destroyed,execution_context_destroyed,execution_context_destroyed,execution_context_destroyed,execution_context_destroyed,execution_context_destroyed,execution_context_destroyed,execution_context_destroyed
tenuretrack.nih.gov,execution_context_destroyed,execution_context_destroyed,execution_context_destroyed,execution_context_destroyed,execution_context_destroyed,execution_context_destroyed,execution_context_destroyed,execution_context_destroyed,execution_context_destroyed
nstx.pppl.gov,execution_context_destroyed,execution_context_destroyed,execution_context_destroyed,execution_context_destroyed,execution_context_destroyed,timeout,execution_context_destroyed,execution_context_destroyed,execution_context_destroyed
cmdp.epa.gov,execution_context_destroyed,execution_context_destroyed,execution_context_destroyed,execution_context_destroyed,execution_context_destroyed,execution_context_destroyed,execution_context_destroyed,execution_context_destroyed,execution_context_destroyed
cdxtools.epa.gov,execution_context_destroyed,completed,completed,completed,completed,completed,completed,completed,execution_context_destroyed
venus-home.grantsolutions.gov,execution_context_destroyed,execution_context_destroyed,completed,timeout,timeout,timeout,timeout,timeout,timeout
dhsadvantage.gsa.gov,execution_context_destroyed,completed,completed,execution_context_destroyed,execution_context_destroyed,execution_context_destroyed,execution_context_destroyed,execution_context_destroyed,execution_context_destroyed
nncams.doe.gov,execution_context_destroyed,execution_context_destroyed,completed,execution_context_destroyed,completed,execution_context_destroyed,execution_context_destroyed,execution_context_destroyed,execution_context_destroyed
testmd.orr.noaa.gov,execution_context_destroyed,unknown_error,completed,execution_context_destroyed,execution_context_destroyed,execution_context_destroyed,execution_context_destroyed,completed,execution_context_destroyed
devutrams.usaid.gov,execution_context_destroyed,completed,completed,completed,execution_context_destroyed,completed,completed,completed,execution_context_destroyed
inside.omao.noaa.gov,execution_context_destroyed,completed,execution_context_destroyed,completed,execution_context_destroyed,execution_context_destroyed,completed,execution_context_destroyed,completed
soar.airports.faa.gov,execution_context_destroyed,execution_context_destroyed,execution_context_destroyed,execution_context_destroyed,unknown_error,execution_context_destroyed,execution_context_destroyed,execution_context_destroyed,execution_context_destroyed
livelink.nida.nih.gov,execution_context_destroyed,execution_context_destroyed,execution_context_destroyed,execution_context_destroyed,unknown_error,execution_context_destroyed,completed,execution_context_destroyed,execution_context_destroyed
winchester.vawg.cap.gov,execution_context_destroyed,unknown_error,unknown_error,unknown_error,unknown_error,unknown_error,unknown_error,unknown_error,unknown_error
animalresearch.nih.gov,execution_context_destroyed,execution_context_destroyed,execution_context_destroyed,execution_context_destroyed,execution_context_destroyed,execution_context_destroyed,execution_context_destroyed,completed,execution_context_destroyed
www.forms.gov,execution_context_destroyed,execution_context_destroyed,execution_context_destroyed,execution_context_destroyed,completed,execution_context_destroyed,execution_context_destroyed,completed,completed
qai.treaslockbox.gov,execution_context_destroyed,execution_context_destroyed,completed,execution_context_destroyed,execution_context_destroyed,execution_context_destroyed,execution_context_destroyed,execution_context_destroyed,execution_context_destroyed
login.extranet.cfpb.gov,execution_context_destroyed,execution_context_destroyed,execution_context_destroyed,execution_context_destroyed,execution_context_destroyed,execution_context_destroyed,execution_context_destroyed,completed,execution_context_destroyed
fsa-fmstest2.ed.gov,execution_context_destroyed,execution_context_destroyed,execution_context_destroyed,unknown_error,execution_context_destroyed,execution_context_destroyed,execution_context_destroyed,execution_context_destroyed,connection_reset
face.cjis.gov,execution_context_destroyed,completed,execution_context_destroyed,execution_context_destroyed,execution_context_destroyed,execution_context_destroyed,execution_context_destroyed,completed,execution_context_destroyed
mysite.ksn2.faa.gov,execution_context_destroyed,execution_context_destroyed,unknown_error,execution_context_destroyed,unknown_error,execution_context_destroyed,unknown_error,execution_context_destroyed,execution_context_destroyed
nncamstrn.ornl.gov,execution_context_destroyed,execution_context_destroyed,execution_context_destroyed,execution_context_destroyed,execution_context_destroyed,execution_context_destroyed,execution_context_destroyed,execution_context_destroyed,execution_context_destroyed
security.fnal.gov,execution_context_destroyed,execution_context_destroyed,completed,execution_context_destroyed,unknown_error,execution_context_destroyed,execution_context_destroyed,execution_context_destroyed,execution_context_destroyed
enterpriseenrollment.hhs.gov,execution_context_destroyed,completed,completed,completed,completed,completed,completed,completed,completed
crm.usmission.gov,unknown_error,execution_context_destroyed,unknown_error,unknown_error,execution_context_destroyed,execution_context_destroyed,unknown_error,execution_context_destroyed,execution_context_destroyed
miptest.msc.fema.gov,unknown_error,execution_context_destroyed,unknown_error,execution_context_destroyed,unknown_error,unknown_error,execution_context_destroyed,execution_context_destroyed,unknown_error
leep-ndcac.fbi.gov,timeout,execution_context_destroyed,execution_context_destroyed,execution_context_destroyed,execution_context_destroyed,unknown_error,unknown_error,execution_context_destroyed,unknown_error
finance.gsa.gov,completed,execution_context_destroyed,execution_context_destroyed,execution_context_destroyed,execution_context_destroyed,execution_context_destroyed,execution_context_destroyed,execution_context_destroyed,execution_context_destroyed
iswaa-webservice1.ccmc.gsfc.nasa.gov,unknown_error,execution_context_destroyed,execution_context_destroyed,execution_context_destroyed,completed,execution_context_destroyed,unknown_error,completed,completed
forms.oig.hhs.gov,timeout,execution_context_destroyed,execution_context_destroyed,execution_context_destroyed,completed,completed,execution_context_destroyed,completed,completed
www.reportband.gov,completed,execution_context_destroyed,execution_context_destroyed,completed,completed,completed,completed,completed,completed
treaslockbox.gov,completed,execution_context_destroyed,completed,completed,completed,execution_context_destroyed,completed,completed,execution_context_destroyed
www.grantsolutions.gov,completed,execution_context_destroyed,execution_context_destroyed,execution_context_destroyed,execution_context_destroyed,execution_context_destroyed,execution_context_destroyed,completed,execution_context_destroyed
qaf.bms.fiscal.treasury.gov,unknown_error,execution_context_destroyed,execution_context_destroyed,execution_context_destroyed,execution_context_destroyed,unknown_error,execution_context_destroyed,completed,execution_context_destroyed
aacinquiry.fas.gsa.gov,completed,execution_context_destroyed,completed,completed,completed,completed,execution_context_destroyed,execution_context_destroyed,completed
trainingws.grants.gov,completed,execution_context_destroyed,execution_context_destroyed,completed,completed,completed,execution_context_destroyed,completed,execution_context_destroyed
armdemo.grantsolutions.gov,unknown_error,execution_context_destroyed,execution_context_destroyed,unknown_error,unknown_error,unknown_error,unknown_error,unknown_error,unknown_error
analytics.cod.ed.gov,unknown_error,execution_context_destroyed,unknown_error,unknown_error,unknown_error,execution_context_destroyed,unknown_error,unknown_error,unknown_error
notebook.bbg.gov,completed,execution_context_destroyed,unknown_error,completed,completed,completed,completed,completed,completed
oldctst.grantsolutions.gov,completed,execution_context_destroyed,completed,execution_context_destroyed,unknown_error,unknown_error,unknown_error,unknown_error,unknown_error
nexus.od.nih.gov,completed,execution_context_destroyed,completed,completed,completed,completed,completed,completed,completed
inventions.nih.gov,completed,execution_context_destroyed,execution_context_destroyed,completed,completed,completed,execution_context_destroyed,execution_context_destroyed,execution_context_destroyed
secureete.ssa.gov,unknown_error,execution_context_destroyed,execution_context_destroyed,unknown_error,completed,execution_context_destroyed,unknown_error,execution_context_destroyed,completed
ohswebprod.grantsolutions.gov,completed,execution_context_destroyed,execution_context_destroyed,completed,execution_context_destroyed,completed,execution_context_destroyed,completed,execution_context_destroyed
qab.ama.gov,unknown_error,execution_context_destroyed,execution_context_destroyed,unknown_error,completed,execution_context_destroyed,unknown_error,unknown_error,unknown_error
webtools.ccmc.gsfc.nasa.gov,,execution_context_destroyed,unknown_error,completed,execution_context_destroyed,,,,
srcontracts.srs.gov,timeout,execution_context_destroyed,timeout,timeout,execution_context_destroyed,timeout,timeout,timeout,execution_context_destroyed
esound.epa.gov,completed,execution_context_destroyed,execution_context_destroyed,completed,completed,completed,completed,completed,execution_context_destroyed
nvdrs.cdc.gov,unknown_error,execution_context_destroyed,execution_context_destroyed,unknown_error,execution_context_destroyed,unknown_error,execution_context_destroyed,execution_context_destroyed,execution_context_destroyed
enviroflash.epa.gov,completed,execution_context_destroyed,completed,completed,completed,completed,completed,completed,completed
afadvantage.gov,completed,execution_context_destroyed,execution_context_destroyed,execution_context_destroyed,execution_context_destroyed,execution_context_destroyed,completed,execution_context_destroyed,execution_context_destroyed
secure.ssa.gov,completed,execution_context_destroyed,execution_context_destroyed,completed,execution_context_destroyed,execution_context_destroyed,execution_context_destroyed,unknown_error,execution_context_destroyed
tableau.d2d.gsa.gov,timeout,execution_context_destroyed,timeout,timeout,unknown_error,timeout,timeout,unknown_error,unknown_error
research.rm.census.gov,completed,execution_context_destroyed,completed,completed,execution_context_destroyed,completed,completed,unknown_error,completed
artmstest.grantsolutions.gov,completed,execution_context_destroyed,execution_context_destroyed,completed,unknown_error,unknown_error,unknown_error,unknown_error,unknown_error
cg.sandia.gov,unknown_error,execution_context_destroyed,timeout,timeout,execution_context_destroyed,execution_context_destroyed,timeout,unknown_error,execution_context_destroyed
trn.dmcseddebt.ed.gov,completed,execution_context_destroyed,unknown_error,execution_context_destroyed,unknown_error,completed,execution_context_destroyed,execution_context_destroyed,unknown_error
newsroom.hrsa.gov,unknown_error,execution_context_destroyed,execution_context_destroyed,execution_context_destroyed,unknown_error,completed,unknown_error,execution_context_destroyed,execution_context_destroyed
fpd.gsfc.nasa.gov,completed,execution_context_destroyed,execution_context_destroyed,completed,execution_context_destroyed,execution_context_destroyed,execution_context_destroyed,execution_context_destroyed,completed
hpc-status.rdhpcs.noaa.gov,completed,execution_context_destroyed,execution_context_destroyed,execution_context_destroyed,execution_context_destroyed,execution_context_destroyed,execution_context_destroyed,execution_context_destroyed,execution_context_destroyed
esupport.fcc.gov,timeout,execution_context_destroyed,completed,completed,completed,completed,completed,completed,completed
hissa.nist.gov,completed,execution_context_destroyed,execution_context_destroyed,completed,completed,completed,completed,completed,completed
oldcstg.grantsolutions.gov,unknown_error,execution_context_destroyed,unknown_error,execution_context_destroyed,execution_context_destroyed,unknown_error,execution_context_destroyed,unknown_error,completed
als-enable.lbl.gov,unknown_error,execution_context_destroyed,unknown_error,unknown_error,unknown_error,unknown_error,execution_context_destroyed,execution_context_destroyed,unknown_error
www.treaslockbox.gov,completed,execution_context_destroyed,execution_context_destroyed,execution_context_destroyed,completed,execution_context_destroyed,completed,completed,completed
mobile.arc.nasa.gov,completed,execution_context_destroyed,execution_context_destroyed,execution_context_destroyed,completed,execution_context_destroyed,execution_context_destroyed,execution_context_destroyed,completed
nvdrsuat.cdc.gov,unknown_error,execution_context_destroyed,unknown_error,execution_context_destroyed,execution_context_destroyed,execution_context_destroyed,completed,unknown_error,unknown_error
macpro.cms.gov,timeout,execution_context_destroyed,execution_context_destroyed,execution_context_destroyed,completed,execution_context_destroyed,completed,execution_context_destroyed,execution_context_destroyed
erawebprod.grantsolutions.gov,unknown_error,execution_context_destroyed,completed,completed,execution_context_destroyed,completed,completed,completed,execution_context_destroyed
memory.loc.gov,completed,execution_context_destroyed,execution_context_destroyed,execution_context_destroyed,execution_context_destroyed,execution_context_destroyed,execution_context_destroyed,completed,completed
home.grantsolutions.gov,completed,execution_context_destroyed,completed,execution_context_destroyed,execution_context_destroyed,completed,completed,execution_context_destroyed,execution_context_destroyed
kms.dsac.gov,unknown_error,execution_context_destroyed,completed,completed,completed,completed,completed,completed,completed
wheat.pw.usda.gov,completed,execution_context_destroyed,execution_context_destroyed,completed,completed,completed,execution_context_destroyed,completed,execution_context_destroyed
ipabs-is.em.doe.gov,completed,execution_context_destroyed,completed,execution_context_destroyed,completed,execution_context_destroyed,execution_context_destroyed,execution_context_destroyed,execution_context_destroyed
svi.cdc.gov,completed,execution_context_destroyed,completed,execution_context_destroyed,completed,execution_context_destroyed,execution_context_destroyed,execution_context_destroyed,execution_context_destroyed
survey.ahrq.gov,completed,execution_context_destroyed,completed,completed,completed,execution_context_destroyed,completed,completed,completed
pive.fema.gov,unknown_error,unknown_error,execution_context_destroyed,unknown_error,unknown_error,unknown_error,unknown_error,execution_context_destroyed,unknown_error
esnapstest.hud.gov,unknown_error,completed,execution_context_destroyed,completed,completed,completed,completed,completed,unknown_error
jfa.ilwg.cap.gov,completed,unknown_error,execution_context_destroyed,execution_context_destroyed,unknown_error,unknown_error,execution_context_destroyed,unknown_error,unknown_error
eaiweb.ed.gov,completed,completed,execution_context_destroyed,unknown_error,completed,execution_context_destroyed,completed,completed,unknown_error
e-verify.uscis.gov,completed,unknown_error,execution_context_destroyed,execution_context_destroyed,unknown_error,execution_context_destroyed,completed,completed,completed
www.webapps.nwfsc.noaa.gov,,completed,execution_context_destroyed,execution_context_destroyed,execution_context_destroyed,,,,
om.cmdl.noaa.gov,completed,completed,execution_context_destroyed,unknown_error,completed,unknown_error,completed,completed,execution_context_destroyed
cbsprod.epa.gov,completed,completed,execution_context_destroyed,completed,completed,completed,completed,completed,completed
edfacts.ed.gov,completed,completed,execution_context_destroyed,completed,completed,completed,execution_context_destroyed,completed,execution_context_destroyed
avssp.faa.gov,timeout,timeout,execution_context_destroyed,unknown_error,execution_context_destroyed,execution_context_destroyed,unknown_error,execution_context_destroyed,unknown_error
energy.cr.usgs.gov,completed,completed,execution_context_destroyed,completed,completed,completed,completed,execution_context_destroyed,completed
vawv-gis.usgs.gov,completed,completed,execution_context_destroyed,completed,completed,completed,completed,completed,timeout
reference.niem.gov,completed,completed,execution_context_destroyed,completed,execution_context_destroyed,execution_context_destroyed,completed,completed,execution_context_destroyed
mobiler.occ.gov,completed,completed,execution_context_destroyed,completed,completed,completed,completed,completed,completed
espd.gsfc.nasa.gov,completed,completed,execution_context_destroyed,completed,completed,completed,execution_context_destroyed,execution_context_destroyed,execution_context_destroyed
oldcdemo.grantsolutions.gov,unknown_error,unknown_error,execution_context_destroyed,unknown_error,unknown_error,unknown_error,unknown_error,unknown_error,unknown_error
maps.ngdc.noaa.gov,unknown_error,completed,execution_context_destroyed,completed,completed,completed,unknown_error,execution_context_destroyed,completed
www.medalofvalor.gov,unknown_error,unknown_error,execution_context_destroyed,completed,execution_context_destroyed,execution_context_destroyed,execution_context_destroyed,execution_context_destroyed,execution_context_destroyed
gsaelibrary.gsa.gov,completed,completed,execution_context_destroyed,completed,completed,completed,completed,completed,completed
feedback.edpartner.ed.gov,unknown_error,unknown_error,execution_context_destroyed,unknown_error,unknown_error,execution_context_destroyed,unknown_error,unknown_error,unknown_error
edlabs.ed.gov,unknown_error,completed,execution_context_destroyed,execution_context_destroyed,unknown_error,completed,unknown_error,completed,unknown_error
poportal.gsa.gov,completed,completed,execution_context_destroyed,completed,completed,completed,completed,completed,completed
clinicianportal.cc.nih.gov,completed,completed,execution_context_destroyed,execution_context_destroyed,completed,completed,completed,unknown_error,completed
supportorgs.cancer.gov,timeout,completed,execution_context_destroyed,completed,completed,completed,completed,completed,completed
currencyreader.gov,unknown_error,unknown_error,execution_context_destroyed,unknown_error,completed,unknown_error,execution_context_destroyed,execution_context_destroyed,execution_context_destroyed
akama.arc.nasa.gov,completed,completed,completed,execution_context_destroyed,execution_context_destroyed,completed,execution_context_destroyed,execution_context_destroyed,completed
listserv.mspb.gov,completed,completed,unknown_error,execution_context_destroyed,completed,completed,completed,completed,completed
everify.uscis.gov,completed,unknown_error,timeout,execution_context_destroyed,execution_context_destroyed,execution_context_destroyed,execution_context_destroyed,completed,unknown_error
oalj.dol.gov,completed,completed,completed,execution_context_destroyed,execution_context_destroyed,completed,execution_context_destroyed,execution_context_destroyed,execution_context_destroyed
first.uscis.gov,unknown_error,unknown_error,unknown_error,execution_context_destroyed,execution_context_destroyed,completed,unknown_error,completed,completed
npdes-ereporting.epa.gov,completed,completed,unknown_error,execution_context_destroyed,execution_context_destroyed,completed,completed,completed,completed
ldas3.ncep.noaa.gov,unknown_error,completed,completed,execution_context_destroyed,execution_context_destroyed,completed,execution_context_destroyed,execution_context_destroyed,completed
regionalseminars.od.nih.gov,completed,completed,completed,execution_context_destroyed,completed,completed,completed,execution_context_destroyed,execution_context_destroyed
code.fs.usda.gov,unknown_error,unknown_error,unknown_error,execution_context_destroyed,unknown_error,unknown_error,unknown_error,unknown_error,unknown_error
github.imp.cms.gov,completed,completed,completed,execution_context_destroyed,completed,completed,completed,completed,completed
github.cms.gov,completed,completed,unknown_error,execution_context_destroyed,unknown_error,unknown_error,unknown_error,completed,completed
tcg.cse.anl.gov,completed,completed,completed,execution_context_destroyed,completed,completed,completed,completed,completed
feedback.opm.gov,completed,completed,completed,execution_context_destroyed,completed,completed,completed,completed,completed
phgkb.cdc.gov,unknown_error,completed,completed,execution_context_destroyed,completed,completed,completed,unknown_error,completed
naracweb.llnl.gov,completed,completed,completed,execution_context_destroyed,completed,completed,completed,completed,completed
learnnsf.nsf.gov,completed,completed,completed,execution_context_destroyed,execution_context_destroyed,execution_context_destroyed,execution_context_destroyed,execution_context_destroyed,execution_context_destroyed
mc1.hep.anl.gov,completed,completed,completed,execution_context_destroyed,execution_context_destroyed,completed,completed,completed,execution_context_destroyed
topsbill.ftsbilling.gsa.gov,completed,completed,completed,execution_context_destroyed,execution_context_destroyed,execution_context_destroyed,execution_context_destroyed,execution_context_destroyed,execution_context_destroyed
supplier.kcnsc.doe.gov,completed,completed,completed,execution_context_destroyed,completed,execution_context_destroyed,completed,completed,completed
sf.cms.gov,completed,completed,completed,execution_context_destroyed,completed,completed,completed,completed,timeout
ncifshare.cancer.gov,unknown_error,unknown_error,unknown_error,execution_context_destroyed,unknown_error,unknown_error,unknown_error,unknown_error,completed
inside.niaid.nih.gov,unknown_error,unknown_error,unknown_error,execution_context_destroyed,unknown_error,unknown_error,unknown_error,execution_context_destroyed,unknown_error
assets.cms.gov,completed,completed,completed,completed,execution_context_destroyed,execution_context_destroyed,completed,completed,completed
worldwind47.arc.nasa.gov,timeout,timeout,timeout,timeout,execution_context_destroyed,execution_context_destroyed,execution_context_destroyed,execution_context_destroyed,execution_context_destroyed
omhaportal.hhs.gov,unknown_error,unknown_error,unknown_error,unknown_error,execution_context_destroyed,completed,completed,completed,completed
www.risch.senate.gov,completed,completed,completed,completed,execution_context_destroyed,completed,completed,completed,completed
caps.faa.gov,timeout,unknown_error,unknown_error,unknown_error,execution_context_destroyed,unknown_error,unknown_error,unknown_error,unknown_error
www.oalj.dol.gov,completed,completed,completed,unknown_error,execution_context_destroyed,execution_context_destroyed,completed,completed,unknown_error
efileqa.fara.gov,connection_reset,completed,completed,completed,execution_context_destroyed,completed,completed,completed,completed
uatweather.nifc.gov,completed,unknown_error,completed,completed,execution_context_destroyed,completed,execution_context_destroyed,unknown_error,execution_context_destroyed
release.niem.gov,completed,completed,completed,unknown_error,execution_context_destroyed,completed,execution_context_destroyed,execution_context_destroyed,completed
trimewebmod.epa.gov,completed,completed,completed,completed,execution_context_destroyed,execution_context_destroyed,completed,completed,completed
csi-rt.cbp.dhs.gov,unknown_error,unknown_error,unknown_error,unknown_error,execution_context_destroyed,unknown_error,unknown_error,unknown_error,unknown_error
cdxnodengn.epa.gov,completed,completed,completed,completed,execution_context_destroyed,completed,completed,completed,execution_context_destroyed
portal.dsac.gov,completed,completed,completed,completed,execution_context_destroyed,completed,completed,completed,completed
sdo5.nascom.nasa.gov,timeout,timeout,completed,timeout,execution_context_destroyed,completed,timeout,completed,timeout
training.bnl.gov,completed,timeout,completed,completed,execution_context_destroyed,execution_context_destroyed,execution_context_destroyed,completed,completed
newportnews.vawg.cap.gov,unknown_error,unknown_error,unknown_error,unknown_error,unknown_error,execution_context_destroyed,unknown_error,unknown_error,completed
gs671-sdo5.nascom.nasa.gov,completed,timeout,completed,timeout,timeout,execution_context_destroyed,completed,completed,execution_context_destroyed
atms.fleta.gov,completed,completed,completed,completed,completed,execution_context_destroyed,completed,completed,completed
erma.noaa.gov,completed,unknown_error,unknown_error,unknown_error,completed,execution_context_destroyed,completed,execution_context_destroyed,completed
npdb-hipdb.hrsa.gov,completed,completed,completed,completed,completed,execution_context_destroyed,completed,completed,completed
publications.anl.gov,completed,completed,completed,completed,completed,execution_context_destroyed,completed,timeout,completed
arrs.ahrq.gov,completed,completed,completed,completed,completed,execution_context_destroyed,unknown_error,completed,completed
asap.gsa.gov,completed,completed,completed,completed,completed,execution_context_destroyed,execution_context_destroyed,execution_context_destroyed,completed
ur01.ornl.gov,completed,completed,completed,completed,completed,execution_context_destroyed,completed,completed,completed
webeoc.dot.gov,completed,completed,completed,completed,completed,execution_context_destroyed,execution_context_destroyed,execution_context_destroyed,completed
internet.csr.nih.gov,completed,completed,completed,completed,completed,execution_context_destroyed,completed,completed,completed
ns1.cap.gov,unknown_error,completed,completed,completed,unknown_error,execution_context_destroyed,unknown_error,unknown_error,unknown_error
encampment.vawg.cap.gov,unknown_error,unknown_error,unknown_error,unknown_error,unknown_error,execution_context_destroyed,execution_context_destroyed,unknown_error,unknown_error
beta.fpds.gov,completed,completed,unknown_error,completed,completed,execution_context_destroyed,completed,completed,completed
csi-rt2.cbp.dhs.gov,unknown_error,completed,completed,unknown_error,unknown_error,unknown_error,execution_context_destroyed,completed,unknown_error
emorris.fasbilling.gsa.gov,completed,completed,completed,completed,completed,completed,execution_context_destroyed,completed,execution_context_destroyed
spars-lc.samhsa.gov,unknown_error,timeout,completed,completed,completed,completed,execution_context_destroyed,execution_context_destroyed,completed
media.justice.gov,unknown_error,unknown_error,completed,unknown_error,completed,completed,execution_context_destroyed,execution_context_destroyed,completed
ace.cbp.dhs.gov,unknown_error,completed,unknown_error,unknown_error,unknown_error,unknown_error,execution_context_destroyed,completed,unknown_error
faadronezone.faa.gov,completed,completed,completed,completed,completed,completed,execution_context_destroyed,completed,completed
tgftp.op.ncep.noaa.gov,completed,completed,completed,completed,completed,completed,execution_context_destroyed,completed,completed
neicommons.nei.nih.gov,completed,completed,completed,completed,completed,completed,execution_context_destroyed,completed,completed
sro.srs.gov,timeout,timeout,timeout,timeout,timeout,unknown_error,execution_context_destroyed,execution_context_destroyed,execution_context_destroyed
cdxnodenaas.epa.gov,completed,completed,completed,unknown_error,completed,completed,completed,execution_context_destroyed,completed
coop.esp.usdoj.gov,completed,completed,completed,completed,completed,unknown_error,completed,execution_context_destroyed,completed
gs671-sdo8.nascom.nasa.gov,,,,,,timeout,timeout,execution_context_destroyed,timeout
hcm.tva.gov,completed,completed,completed,completed,unknown_error,completed,completed,execution_context_destroyed,unknown_error
nirra.csp.noaa.gov,completed,completed,completed,completed,completed,completed,completed,execution_context_destroyed,completed
sdo8.nascom.nasa.gov,completed,timeout,completed,timeout,timeout,timeout,timeout,execution_context_destroyed,timeout
www.leo.gov,unknown_error,unknown_error,unknown_error,completed,unknown_error,unknown_error,unknown_error,unknown_error,execution_context_destroyed
ontrac.cdc.gov,unknown_error,unknown_error,unknown_error,unknown_error,unknown_error,unknown_error,unknown_error,unknown_error,execution_context_destroyed
cove.larc.nasa.gov,unknown_error,unknown_error,completed,unknown_error,unknown_error,unknown_error,unknown_error,unknown_error,execution_context_destroyed
jumpstart.nih.gov,unknown_error,unknown_error,completed,unknown_error,unknown_error,unknown_error,unknown_error,unknown_error,execution_context_destroyed
docs.ahrq.gov,completed,completed,completed,completed,completed,unknown_error,completed,completed,execution_context_destroyed
netdmr.epa.gov,completed,completed,completed,completed,completed,completed,completed,completed,execution_context_destroyed
vso.nascom.nasa.gov,timeout,timeout,completed,timeout,timeout,timeout,timeout,timeout,execution_context_destroyed
ebuy.gsa.gov,completed,completed,timeout,completed,timeout,unknown_error,completed,completed,execution_context_destroyed
